/****************************************************************

  Generated by Eclipse Cyclone DDS IDL to C Translator
  File name: /mnt/e/TI/git/tese/CycloneDds.NET/build/native-linux/src/tools/ddsperf/ddsperf_types.c
  Source: /mnt/e/TI/git/tese/cyclonedds/src/tools/ddsperf/ddsperf_types.idl
  Cyclone DDS: V0.11.0

*****************************************************************/
#include "ddsperf_types.h"

#if defined(_MSC_VER) && (_MSC_VER > 1943)
__pragma(warning(push))
__pragma(warning(disable: 5287))
#endif
static const uint32_t OneULong_ops [] =
{
  /* OneULong */
  DDS_OP_ADR | DDS_OP_TYPE_4BY, offsetof (OneULong, seq),
  DDS_OP_RTS
};

#if defined(_MSC_VER) && (_MSC_VER > 1943)
__pragma(warning(pop))
#endif
/* Type Information:
  [MINIMAL 37b1b690826fc9b8c3009c310b10] (#deps: 0)
  [COMPLETE bcabe1283d9f5b841ce820368020] (#deps: 0)
*/
#define TYPE_INFO_CDR_OneULong (const unsigned char []){ \
  0x60, 0x00, 0x00, 0x00, 0x01, 0x10, 0x00, 0x40, 0x28, 0x00, 0x00, 0x00, 0x24, 0x00, 0x00, 0x00, \
  0x14, 0x00, 0x00, 0x00, 0xf1, 0x37, 0xb1, 0xb6, 0x90, 0x82, 0x6f, 0xc9, 0xb8, 0xc3, 0x00, 0x9c, \
  0x31, 0x0b, 0x10, 0x00, 0x27, 0x00, 0x00, 0x00, 0x00, 0x00, 0x00, 0x00, 0x04, 0x00, 0x00, 0x00, \
  0x00, 0x00, 0x00, 0x00, 0x02, 0x10, 0x00, 0x40, 0x28, 0x00, 0x00, 0x00, 0x24, 0x00, 0x00, 0x00, \
  0x14, 0x00, 0x00, 0x00, 0xf2, 0xbc, 0xab, 0xe1, 0x28, 0x3d, 0x9f, 0x5b, 0x84, 0x1c, 0xe8, 0x20, \
  0x36, 0x80, 0x20, 0x00, 0x3e, 0x00, 0x00, 0x00, 0x00, 0x00, 0x00, 0x00, 0x04, 0x00, 0x00, 0x00, \
  0x00, 0x00, 0x00, 0x00\
}
#define TYPE_INFO_CDR_SZ_OneULong 100u
#define TYPE_MAP_CDR_OneULong (const unsigned char []){ \
  0x3b, 0x00, 0x00, 0x00, 0x01, 0x00, 0x00, 0x00, 0xf1, 0x37, 0xb1, 0xb6, 0x90, 0x82, 0x6f, 0xc9, \
  0xb8, 0xc3, 0x00, 0x9c, 0x31, 0x0b, 0x10, 0x00, 0x23, 0x00, 0x00, 0x00, 0xf1, 0x51, 0x01, 0x00, \
  0x01, 0x00, 0x00, 0x00, 0x00, 0x00, 0x00, 0x00, 0x13, 0x00, 0x00, 0x00, 0x01, 0x00, 0x00, 0x00, \
  0x0b, 0x00, 0x00, 0x00, 0x00, 0x00, 0x00, 0x00, 0x01, 0x00, 0x07, 0xe0, 0x68, 0xc2, 0xde, 0x00, \
  0x52, 0x00, 0x00, 0x00, 0x01, 0x00, 0x00, 0x00, 0xf2, 0xbc, 0xab, 0xe1, 0x28, 0x3d, 0x9f, 0x5b, \
  0x84, 0x1c, 0xe8, 0x20, 0x36, 0x80, 0x20, 0x00, 0x3a, 0x00, 0x00, 0x00, 0xf2, 0x51, 0x01, 0x00, \
  0x11, 0x00, 0x00, 0x00, 0x00, 0x00, 0x00, 0x00, 0x09, 0x00, 0x00, 0x00, 0x4f, 0x6e, 0x65, 0x55, \
  0x4c, 0x6f, 0x6e, 0x67, 0x00, 0x00, 0x00, 0x00, 0x1a, 0x00, 0x00, 0x00, 0x01, 0x00, 0x00, 0x00, \
  0x12, 0x00, 0x00, 0x00, 0x00, 0x00, 0x00, 0x00, 0x01, 0x00, 0x07, 0x00, 0x04, 0x00, 0x00, 0x00, \
  0x73, 0x65, 0x71, 0x00, 0x00, 0x00, 0x00, 0x00, 0x22, 0x00, 0x00, 0x00, 0x01, 0x00, 0x00, 0x00, \
  0xf2, 0xbc, 0xab, 0xe1, 0x28, 0x3d, 0x9f, 0x5b, 0x84, 0x1c, 0xe8, 0x20, 0x36, 0x80, 0x20, 0xf1, \
  0x37, 0xb1, 0xb6, 0x90, 0x82, 0x6f, 0xc9, 0xb8, 0xc3, 0x00, 0x9c, 0x31, 0x0b, 0x10\
}
#define TYPE_MAP_CDR_SZ_OneULong 190u
const dds_topic_descriptor_t OneULong_desc =
{
  .m_size = sizeof (OneULong),
  .m_align = dds_alignof (OneULong),
  .m_flagset = DDS_TOPIC_FIXED_SIZE | DDS_TOPIC_XTYPES_METADATA,
  .m_nkeys = 0u,
  .m_typename = "OneULong",
  .m_keys = NULL,
  .m_nops = sizeof (OneULong_ops) / sizeof (OneULong_ops[0]),
  .m_ops = OneULong_ops,
  .m_meta = "",
  .type_information = { .data = TYPE_INFO_CDR_OneULong, .sz = TYPE_INFO_CDR_SZ_OneULong },
  .type_mapping = { .data = TYPE_MAP_CDR_OneULong, .sz = TYPE_MAP_CDR_SZ_OneULong }
};

#if defined(_MSC_VER) && (_MSC_VER > 1943)
__pragma(warning(push))
__pragma(warning(disable: 5287))
#endif
static const uint32_t Unkeyed16_ops [] =
{
  /* Unkeyed16 */
  DDS_OP_ADR | DDS_OP_TYPE_4BY, offsetof (Unkeyed16, seq),
  DDS_OP_ADR | DDS_OP_TYPE_ARR | DDS_OP_SUBTYPE_1BY, offsetof (Unkeyed16, baggage), 12u,
  DDS_OP_RTS
};

#if defined(_MSC_VER) && (_MSC_VER > 1943)
__pragma(warning(pop))
#endif
/* Type Information:
  [MINIMAL 3a1ae6cacd3d8bea891c25068108] (#deps: 0)
  [COMPLETE fcd8c5d7c99166f492b1dfc404b2] (#deps: 0)
*/
#define TYPE_INFO_CDR_Unkeyed16 (const unsigned char []){ \
  0x60, 0x00, 0x00, 0x00, 0x01, 0x10, 0x00, 0x40, 0x28, 0x00, 0x00, 0x00, 0x24, 0x00, 0x00, 0x00, \
  0x14, 0x00, 0x00, 0x00, 0xf1, 0x3a, 0x1a, 0xe6, 0xca, 0xcd, 0x3d, 0x8b, 0xea, 0x89, 0x1c, 0x25, \
  0x06, 0x81, 0x08, 0x00, 0x42, 0x00, 0x00, 0x00, 0x00, 0x00, 0x00, 0x00, 0x04, 0x00, 0x00, 0x00, \
  0x00, 0x00, 0x00, 0x00, 0x02, 0x10, 0x00, 0x40, 0x28, 0x00, 0x00, 0x00, 0x24, 0x00, 0x00, 0x00, \
  0x14, 0x00, 0x00, 0x00, 0xf2, 0xfc, 0xd8, 0xc5, 0xd7, 0xc9, 0x91, 0x66, 0xf4, 0x92, 0xb1, 0xdf, \
  0xc4, 0x04, 0xb2, 0x00, 0x66, 0x00, 0x00, 0x00, 0x00, 0x00, 0x00, 0x00, 0x04, 0x00, 0x00, 0x00, \
  0x00, 0x00, 0x00, 0x00\
}
#define TYPE_INFO_CDR_SZ_Unkeyed16 100u
#define TYPE_MAP_CDR_Unkeyed16 (const unsigned char []){ \
  0x56, 0x00, 0x00, 0x00, 0x01, 0x00, 0x00, 0x00, 0xf1, 0x3a, 0x1a, 0xe6, 0xca, 0xcd, 0x3d, 0x8b, \
  0xea, 0x89, 0x1c, 0x25, 0x06, 0x81, 0x08, 0x00, 0x3e, 0x00, 0x00, 0x00, 0xf1, 0x51, 0x01, 0x00, \
  0x01, 0x00, 0x00, 0x00, 0x00, 0x00, 0x00, 0x00, 0x2e, 0x00, 0x00, 0x00, 0x02, 0x00, 0x00, 0x00, \
  0x0b, 0x00, 0x00, 0x00, 0x00, 0x00, 0x00, 0x00, 0x01, 0x00, 0x07, 0xe0, 0x68, 0xc2, 0xde, 0x00, \
  0x16, 0x00, 0x00, 0x00, 0x01, 0x00, 0x00, 0x00, 0x01, 0x00, 0x90, 0xf3, 0x01, 0x00, 0x00, 0x00, \
  0x01, 0x00, 0x00, 0x00, 0x0c, 0x02, 0xc7, 0xad, 0xc2, 0xf1, 0x00, 0x00, 0x7a, 0x00, 0x00, 0x00, \
  0x01, 0x00, 0x00, 0x00, 0xf2, 0xfc, 0xd8, 0xc5, 0xd7, 0xc9, 0x91, 0x66, 0xf4, 0x92, 0xb1, 0xdf, \
  0xc4, 0x04, 0xb2, 0x00, 0x62, 0x00, 0x00, 0x00, 0xf2, 0x51, 0x01, 0x00, 0x12, 0x00, 0x00, 0x00, \
  0x00, 0x00, 0x00, 0x00, 0x0a, 0x00, 0x00, 0x00, 0x55, 0x6e, 0x6b, 0x65, 0x79, 0x65, 0x64, 0x31, \
  0x36, 0x00, 0x00, 0x00, 0x42, 0x00, 0x00, 0x00, 0x02, 0x00, 0x00, 0x00, 0x12, 0x00, 0x00, 0x00, \
  0x00, 0x00, 0x00, 0x00, 0x01, 0x00, 0x07, 0x00, 0x04, 0x00, 0x00, 0x00, 0x73, 0x65, 0x71, 0x00, \
  0x00, 0x00, 0x00, 0x00, 0x22, 0x00, 0x00, 0x00, 0x01, 0x00, 0x00, 0x00, 0x01, 0x00, 0x90, 0xf3, \
  0x01, 0x00, 0x00, 0x00, 0x01, 0x00, 0x00, 0x00, 0x0c, 0x02, 0x00, 0x00, 0x08, 0x00, 0x00, 0x00, \
  0x62, 0x61, 0x67, 0x67, 0x61, 0x67, 0x65, 0x00, 0x00, 0x00, 0x00, 0x00, 0x22, 0x00, 0x00, 0x00, \
  0x01, 0x00, 0x00, 0x00, 0xf2, 0xfc, 0xd8, 0xc5, 0xd7, 0xc9, 0x91, 0x66, 0xf4, 0x92, 0xb1, 0xdf, \
  0xc4, 0x04, 0xb2, 0xf1, 0x3a, 0x1a, 0xe6, 0xca, 0xcd, 0x3d, 0x8b, 0xea, 0x89, 0x1c, 0x25, 0x06, \
  0x81, 0x08\
}
#define TYPE_MAP_CDR_SZ_Unkeyed16 258u
const dds_topic_descriptor_t Unkeyed16_desc =
{
  .m_size = sizeof (Unkeyed16),
  .m_align = dds_alignof (Unkeyed16),
  .m_flagset = DDS_TOPIC_FIXED_SIZE | DDS_TOPIC_XTYPES_METADATA,
  .m_nkeys = 0u,
  .m_typename = "Unkeyed16",
  .m_keys = NULL,
  .m_nops = sizeof (Unkeyed16_ops) / sizeof (Unkeyed16_ops[0]),
  .m_ops = Unkeyed16_ops,
  .m_meta = "",
  .type_information = { .data = TYPE_INFO_CDR_Unkeyed16, .sz = TYPE_INFO_CDR_SZ_Unkeyed16 },
  .type_mapping = { .data = TYPE_MAP_CDR_Unkeyed16, .sz = TYPE_MAP_CDR_SZ_Unkeyed16 }
};

#if defined(_MSC_VER) && (_MSC_VER > 1943)
__pragma(warning(push))
__pragma(warning(disable: 5287))
#endif
static const uint32_t Unkeyed1k_ops [] =
{
  /* Unkeyed1k */
  DDS_OP_ADR | DDS_OP_TYPE_4BY, offsetof (Unkeyed1k, seq),
  DDS_OP_ADR | DDS_OP_TYPE_ARR | DDS_OP_SUBTYPE_1BY, offsetof (Unkeyed1k, baggage), 1020u,
  DDS_OP_RTS
};

#if defined(_MSC_VER) && (_MSC_VER > 1943)
__pragma(warning(pop))
#endif
/* Type Information:
  [MINIMAL 5ff2b108a8f4770800ce07568872] (#deps: 0)
  [COMPLETE 71eda2488ecb4c0385174065fc44] (#deps: 0)
*/
#define TYPE_INFO_CDR_Unkeyed1k (const unsigned char []){ \
  0x60, 0x00, 0x00, 0x00, 0x01, 0x10, 0x00, 0x40, 0x28, 0x00, 0x00, 0x00, 0x24, 0x00, 0x00, 0x00, \
  0x14, 0x00, 0x00, 0x00, 0xf1, 0x5f, 0xf2, 0xb1, 0x08, 0xa8, 0xf4, 0x77, 0x08, 0x00, 0xce, 0x07, \
  0x56, 0x88, 0x72, 0x00, 0x45, 0x00, 0x00, 0x00, 0x00, 0x00, 0x00, 0x00, 0x04, 0x00, 0x00, 0x00, \
  0x00, 0x00, 0x00, 0x00, 0x02, 0x10, 0x00, 0x40, 0x28, 0x00, 0x00, 0x00, 0x24, 0x00, 0x00, 0x00, \
  0x14, 0x00, 0x00, 0x00, 0xf2, 0x71, 0xed, 0xa2, 0x48, 0x8e, 0xcb, 0x4c, 0x03, 0x85, 0x17, 0x40, \
  0x65, 0xfc, 0x44, 0x00, 0x6a, 0x00, 0x00, 0x00, 0x00, 0x00, 0x00, 0x00, 0x04, 0x00, 0x00, 0x00, \
  0x00, 0x00, 0x00, 0x00\
}
#define TYPE_INFO_CDR_SZ_Unkeyed1k 100u
#define TYPE_MAP_CDR_Unkeyed1k (const unsigned char []){ \
  0x59, 0x00, 0x00, 0x00, 0x01, 0x00, 0x00, 0x00, 0xf1, 0x5f, 0xf2, 0xb1, 0x08, 0xa8, 0xf4, 0x77, \
  0x08, 0x00, 0xce, 0x07, 0x56, 0x88, 0x72, 0x00, 0x41, 0x00, 0x00, 0x00, 0xf1, 0x51, 0x01, 0x00, \
  0x01, 0x00, 0x00, 0x00, 0x00, 0x00, 0x00, 0x00, 0x31, 0x00, 0x00, 0x00, 0x02, 0x00, 0x00, 0x00, \
  0x0b, 0x00, 0x00, 0x00, 0x00, 0x00, 0x00, 0x00, 0x01, 0x00, 0x07, 0xe0, 0x68, 0xc2, 0xde, 0x00, \
  0x19, 0x00, 0x00, 0x00, 0x01, 0x00, 0x00, 0x00, 0x01, 0x00, 0x91, 0xf3, 0x01, 0x00, 0x00, 0x00, \
  0x01, 0x00, 0x00, 0x00, 0xfc, 0x03, 0x00, 0x00, 0x02, 0xc7, 0xad, 0xc2, 0xf1, 0x00, 0x00, 0x00, \
  0x7e, 0x00, 0x00, 0x00, 0x01, 0x00, 0x00, 0x00, 0xf2, 0x71, 0xed, 0xa2, 0x48, 0x8e, 0xcb, 0x4c, \
  0x03, 0x85, 0x17, 0x40, 0x65, 0xfc, 0x44, 0x00, 0x66, 0x00, 0x00, 0x00, 0xf2, 0x51, 0x01, 0x00, \
  0x12, 0x00, 0x00, 0x00, 0x00, 0x00, 0x00, 0x00, 0x0a, 0x00, 0x00, 0x00, 0x55, 0x6e, 0x6b, 0x65, \
  0x79, 0x65, 0x64, 0x31, 0x6b, 0x00, 0x00, 0x00, 0x46, 0x00, 0x00, 0x00, 0x02, 0x00, 0x00, 0x00, \
  0x12, 0x00, 0x00, 0x00, 0x00, 0x00, 0x00, 0x00, 0x01, 0x00, 0x07, 0x00, 0x04, 0x00, 0x00, 0x00, \
  0x73, 0x65, 0x71, 0x00, 0x00, 0x00, 0x00, 0x00, 0x26, 0x00, 0x00, 0x00, 0x01, 0x00, 0x00, 0x00, \
  0x01, 0x00, 0x91, 0xf3, 0x01, 0x00, 0x00, 0x00, 0x01, 0x00, 0x00, 0x00, 0xfc, 0x03, 0x00, 0x00, \
  0x02, 0x00, 0x00, 0x00, 0x08, 0x00, 0x00, 0x00, 0x62, 0x61, 0x67, 0x67, 0x61, 0x67, 0x65, 0x00, \
  0x00, 0x00, 0x00, 0x00, 0x22, 0x00, 0x00, 0x00, 0x01, 0x00, 0x00, 0x00, 0xf2, 0x71, 0xed, 0xa2, \
  0x48, 0x8e, 0xcb, 0x4c, 0x03, 0x85, 0x17, 0x40, 0x65, 0xfc, 0x44, 0xf1, 0x5f, 0xf2, 0xb1, 0x08, \
  0xa8, 0xf4, 0x77, 0x08, 0x00, 0xce, 0x07, 0x56, 0x88, 0x72\
}
#define TYPE_MAP_CDR_SZ_Unkeyed1k 266u
const dds_topic_descriptor_t Unkeyed1k_desc =
{
  .m_size = sizeof (Unkeyed1k),
  .m_align = dds_alignof (Unkeyed1k),
  .m_flagset = DDS_TOPIC_FIXED_SIZE | DDS_TOPIC_XTYPES_METADATA,
  .m_nkeys = 0u,
  .m_typename = "Unkeyed1k",
  .m_keys = NULL,
  .m_nops = sizeof (Unkeyed1k_ops) / sizeof (Unkeyed1k_ops[0]),
  .m_ops = Unkeyed1k_ops,
  .m_meta = "",
  .type_information = { .data = TYPE_INFO_CDR_Unkeyed1k, .sz = TYPE_INFO_CDR_SZ_Unkeyed1k },
  .type_mapping = { .data = TYPE_MAP_CDR_Unkeyed1k, .sz = TYPE_MAP_CDR_SZ_Unkeyed1k }
};

#if defined(_MSC_VER) && (_MSC_VER > 1943)
__pragma(warning(push))
__pragma(warning(disable: 5287))
#endif
static const uint32_t Unkeyed64k_ops [] =
{
  /* Unkeyed64k */
  DDS_OP_ADR | DDS_OP_TYPE_4BY, offsetof (Unkeyed64k, seq),
  DDS_OP_ADR | DDS_OP_TYPE_ARR | DDS_OP_SUBTYPE_1BY, offsetof (Unkeyed64k, baggage), 65532u,
  DDS_OP_RTS
};

#if defined(_MSC_VER) && (_MSC_VER > 1943)
__pragma(warning(pop))
#endif
/* Type Information:
  [MINIMAL 7da29f14590945090d5c20c9d947] (#deps: 0)
  [COMPLETE 9d78d3a7eb5de4ccef17286c37c8] (#deps: 0)
*/
#define TYPE_INFO_CDR_Unkeyed64k (const unsigned char []){ \
  0x60, 0x00, 0x00, 0x00, 0x01, 0x10, 0x00, 0x40, 0x28, 0x00, 0x00, 0x00, 0x24, 0x00, 0x00, 0x00, \
  0x14, 0x00, 0x00, 0x00, 0xf1, 0x7d, 0xa2, 0x9f, 0x14, 0x59, 0x09, 0x45, 0x09, 0x0d, 0x5c, 0x20, \
  0xc9, 0xd9, 0x47, 0x00, 0x45, 0x00, 0x00, 0x00, 0x00, 0x00, 0x00, 0x00, 0x04, 0x00, 0x00, 0x00, \
  0x00, 0x00, 0x00, 0x00, 0x02, 0x10, 0x00, 0x40, 0x28, 0x00, 0x00, 0x00, 0x24, 0x00, 0x00, 0x00, \
  0x14, 0x00, 0x00, 0x00, 0xf2, 0x9d, 0x78, 0xd3, 0xa7, 0xeb, 0x5d, 0xe4, 0xcc, 0xef, 0x17, 0x28, \
  0x6c, 0x37, 0xc8, 0x00, 0x6a, 0x00, 0x00, 0x00, 0x00, 0x00, 0x00, 0x00, 0x04, 0x00, 0x00, 0x00, \
  0x00, 0x00, 0x00, 0x00\
}
#define TYPE_INFO_CDR_SZ_Unkeyed64k 100u
#define TYPE_MAP_CDR_Unkeyed64k (const unsigned char []){ \
  0x59, 0x00, 0x00, 0x00, 0x01, 0x00, 0x00, 0x00, 0xf1, 0x7d, 0xa2, 0x9f, 0x14, 0x59, 0x09, 0x45, \
  0x09, 0x0d, 0x5c, 0x20, 0xc9, 0xd9, 0x47, 0x00, 0x41, 0x00, 0x00, 0x00, 0xf1, 0x51, 0x01, 0x00, \
  0x01, 0x00, 0x00, 0x00, 0x00, 0x00, 0x00, 0x00, 0x31, 0x00, 0x00, 0x00, 0x02, 0x00, 0x00, 0x00, \
  0x0b, 0x00, 0x00, 0x00, 0x00, 0x00, 0x00, 0x00, 0x01, 0x00, 0x07, 0xe0, 0x68, 0xc2, 0xde, 0x00, \
  0x19, 0x00, 0x00, 0x00, 0x01, 0x00, 0x00, 0x00, 0x01, 0x00, 0x91, 0xf3, 0x01, 0x00, 0x00, 0x00, \
  0x01, 0x00, 0x00, 0x00, 0xfc, 0xff, 0x00, 0x00, 0x02, 0xc7, 0xad, 0xc2, 0xf1, 0x00, 0x00, 0x00, \
  0x7e, 0x00, 0x00, 0x00, 0x01, 0x00, 0x00, 0x00, 0xf2, 0x9d, 0x78, 0xd3, 0xa7, 0xeb, 0x5d, 0xe4, \
  0xcc, 0xef, 0x17, 0x28, 0x6c, 0x37, 0xc8, 0x00, 0x66, 0x00, 0x00, 0x00, 0xf2, 0x51, 0x01, 0x00, \
  0x13, 0x00, 0x00, 0x00, 0x00, 0x00, 0x00, 0x00, 0x0b, 0x00, 0x00, 0x00, 0x55, 0x6e, 0x6b, 0x65, \
  0x79, 0x65, 0x64, 0x36, 0x34, 0x6b, 0x00, 0x00, 0x46, 0x00, 0x00, 0x00, 0x02, 0x00, 0x00, 0x00, \
  0x12, 0x00, 0x00, 0x00, 0x00, 0x00, 0x00, 0x00, 0x01, 0x00, 0x07, 0x00, 0x04, 0x00, 0x00, 0x00, \
  0x73, 0x65, 0x71, 0x00, 0x00, 0x00, 0x00, 0x00, 0x26, 0x00, 0x00, 0x00, 0x01, 0x00, 0x00, 0x00, \
  0x01, 0x00, 0x91, 0xf3, 0x01, 0x00, 0x00, 0x00, 0x01, 0x00, 0x00, 0x00, 0xfc, 0xff, 0x00, 0x00, \
  0x02, 0x00, 0x00, 0x00, 0x08, 0x00, 0x00, 0x00, 0x62, 0x61, 0x67, 0x67, 0x61, 0x67, 0x65, 0x00, \
  0x00, 0x00, 0x00, 0x00, 0x22, 0x00, 0x00, 0x00, 0x01, 0x00, 0x00, 0x00, 0xf2, 0x9d, 0x78, 0xd3, \
  0xa7, 0xeb, 0x5d, 0xe4, 0xcc, 0xef, 0x17, 0x28, 0x6c, 0x37, 0xc8, 0xf1, 0x7d, 0xa2, 0x9f, 0x14, \
  0x59, 0x09, 0x45, 0x09, 0x0d, 0x5c, 0x20, 0xc9, 0xd9, 0x47\
}
#define TYPE_MAP_CDR_SZ_Unkeyed64k 266u
const dds_topic_descriptor_t Unkeyed64k_desc =
{
  .m_size = sizeof (Unkeyed64k),
  .m_align = dds_alignof (Unkeyed64k),
  .m_flagset = DDS_TOPIC_FIXED_SIZE | DDS_TOPIC_XTYPES_METADATA,
  .m_nkeys = 0u,
  .m_typename = "Unkeyed64k",
  .m_keys = NULL,
  .m_nops = sizeof (Unkeyed64k_ops) / sizeof (Unkeyed64k_ops[0]),
  .m_ops = Unkeyed64k_ops,
  .m_meta = "",
  .type_information = { .data = TYPE_INFO_CDR_Unkeyed64k, .sz = TYPE_INFO_CDR_SZ_Unkeyed64k },
  .type_mapping = { .data = TYPE_MAP_CDR_Unkeyed64k, .sz = TYPE_MAP_CDR_SZ_Unkeyed64k }
};

#if defined(_MSC_VER) && (_MSC_VER > 1943)
__pragma(warning(push))
__pragma(warning(disable: 5287))
#endif
static const uint32_t Keyed32_ops [] =
{
  /* Keyed32 */
  DDS_OP_ADR | DDS_OP_TYPE_4BY, offsetof (Keyed32, seq),
  DDS_OP_ADR | DDS_OP_FLAG_KEY | DDS_OP_TYPE_4BY, offsetof (Keyed32, keyval),
  DDS_OP_ADR | DDS_OP_TYPE_ARR | DDS_OP_SUBTYPE_1BY, offsetof (Keyed32, baggage), 24u,
  DDS_OP_RTS,
  
  /* key: keyval */
  DDS_OP_KOF | 1, 2u /* order: 1 */
};

#if defined(_MSC_VER) && (_MSC_VER > 1943)
__pragma(warning(pop))
#endif
static const dds_key_descriptor_t Keyed32_keys[1] =
{
  { "keyval", 8, 0 }
};

/* Type Information:
  [MINIMAL ea7b82a0f32663b61119c59af07c] (#deps: 0)
  [COMPLETE bf6df70c76d46bedfb9879b47a07] (#deps: 0)
*/
#define TYPE_INFO_CDR_Keyed32 (const unsigned char []){ \
  0x60, 0x00, 0x00, 0x00, 0x01, 0x10, 0x00, 0x40, 0x28, 0x00, 0x00, 0x00, 0x24, 0x00, 0x00, 0x00, \
  0x14, 0x00, 0x00, 0x00, 0xf1, 0xea, 0x7b, 0x82, 0xa0, 0xf3, 0x26, 0x63, 0xb6, 0x11, 0x19, 0xc5, \
  0x9a, 0xf0, 0x7c, 0x00, 0x52, 0x00, 0x00, 0x00, 0x00, 0x00, 0x00, 0x00, 0x04, 0x00, 0x00, 0x00, \
  0x00, 0x00, 0x00, 0x00, 0x02, 0x10, 0x00, 0x40, 0x28, 0x00, 0x00, 0x00, 0x24, 0x00, 0x00, 0x00, \
  0x14, 0x00, 0x00, 0x00, 0xf2, 0xbf, 0x6d, 0xf7, 0x0c, 0x76, 0xd4, 0x6b, 0xed, 0xfb, 0x98, 0x79, \
  0xb4, 0x7a, 0x07, 0x00, 0x7e, 0x00, 0x00, 0x00, 0x00, 0x00, 0x00, 0x00, 0x04, 0x00, 0x00, 0x00, \
  0x00, 0x00, 0x00, 0x00\
}
#define TYPE_INFO_CDR_SZ_Keyed32 100u
#define TYPE_MAP_CDR_Keyed32 (const unsigned char []){ \
  0x66, 0x00, 0x00, 0x00, 0x01, 0x00, 0x00, 0x00, 0xf1, 0xea, 0x7b, 0x82, 0xa0, 0xf3, 0x26, 0x63, \
  0xb6, 0x11, 0x19, 0xc5, 0x9a, 0xf0, 0x7c, 0x00, 0x4e, 0x00, 0x00, 0x00, 0xf1, 0x51, 0x01, 0x00, \
  0x01, 0x00, 0x00, 0x00, 0x00, 0x00, 0x00, 0x00, 0x3e, 0x00, 0x00, 0x00, 0x03, 0x00, 0x00, 0x00, \
  0x0b, 0x00, 0x00, 0x00, 0x00, 0x00, 0x00, 0x00, 0x01, 0x00, 0x07, 0xe0, 0x68, 0xc2, 0xde, 0x00, \
  0x0b, 0x00, 0x00, 0x00, 0x01, 0x00, 0x00, 0x00, 0x21, 0x00, 0x07, 0x46, 0x2e, 0x6d, 0xa1, 0x00, \
  0x16, 0x00, 0x00, 0x00, 0x02, 0x00, 0x00, 0x00, 0x01, 0x00, 0x90, 0xf3, 0x01, 0x00, 0x00, 0x00, \
  0x01, 0x00, 0x00, 0x00, 0x18, 0x02, 0xc7, 0xad, 0xc2, 0xf1, 0x00, 0x00, 0x92, 0x00, 0x00, 0x00, \
  0x01, 0x00, 0x00, 0x00, 0xf2, 0xbf, 0x6d, 0xf7, 0x0c, 0x76, 0xd4, 0x6b, 0xed, 0xfb, 0x98, 0x79, \
  0xb4, 0x7a, 0x07, 0x00, 0x7a, 0x00, 0x00, 0x00, 0xf2, 0x51, 0x01, 0x00, 0x10, 0x00, 0x00, 0x00, \
  0x00, 0x00, 0x00, 0x00, 0x08, 0x00, 0x00, 0x00, 0x4b, 0x65, 0x79, 0x65, 0x64, 0x33, 0x32, 0x00, \
  0x5e, 0x00, 0x00, 0x00, 0x03, 0x00, 0x00, 0x00, 0x12, 0x00, 0x00, 0x00, 0x00, 0x00, 0x00, 0x00, \
  0x01, 0x00, 0x07, 0x00, 0x04, 0x00, 0x00, 0x00, 0x73, 0x65, 0x71, 0x00, 0x00, 0x00, 0x00, 0x00, \
  0x15, 0x00, 0x00, 0x00, 0x01, 0x00, 0x00, 0x00, 0x21, 0x00, 0x07, 0x00, 0x07, 0x00, 0x00, 0x00, \
  0x6b, 0x65, 0x79, 0x76, 0x61, 0x6c, 0x00, 0x00, 0x00, 0x00, 0x00, 0x00, 0x22, 0x00, 0x00, 0x00, \
  0x02, 0x00, 0x00, 0x00, 0x01, 0x00, 0x90, 0xf3, 0x01, 0x00, 0x00, 0x00, 0x01, 0x00, 0x00, 0x00, \
  0x18, 0x02, 0x00, 0x00, 0x08, 0x00, 0x00, 0x00, 0x62, 0x61, 0x67, 0x67, 0x61, 0x67, 0x65, 0x00, \
  0x00, 0x00, 0x00, 0x00, 0x22, 0x00, 0x00, 0x00, 0x01, 0x00, 0x00, 0x00, 0xf2, 0xbf, 0x6d, 0xf7, \
  0x0c, 0x76, 0xd4, 0x6b, 0xed, 0xfb, 0x98, 0x79, 0xb4, 0x7a, 0x07, 0xf1, 0xea, 0x7b, 0x82, 0xa0, \
  0xf3, 0x26, 0x63, 0xb6, 0x11, 0x19, 0xc5, 0x9a, 0xf0, 0x7c\
}
#define TYPE_MAP_CDR_SZ_Keyed32 298u
const dds_topic_descriptor_t Keyed32_desc =
{
  .m_size = sizeof (Keyed32),
  .m_align = dds_alignof (Keyed32),
  .m_flagset = DDS_TOPIC_FIXED_SIZE | DDS_TOPIC_XTYPES_METADATA,
  .m_nkeys = 1u,
  .m_typename = "Keyed32",
  .m_keys = Keyed32_keys,
  .m_nops = sizeof (Keyed32_ops) / sizeof (Keyed32_ops[0]),
  .m_ops = Keyed32_ops,
  .m_meta = "",
  .type_information = { .data = TYPE_INFO_CDR_Keyed32, .sz = TYPE_INFO_CDR_SZ_Keyed32 },
  .type_mapping = { .data = TYPE_MAP_CDR_Keyed32, .sz = TYPE_MAP_CDR_SZ_Keyed32 }
};

#if defined(_MSC_VER) && (_MSC_VER > 1943)
__pragma(warning(push))
__pragma(warning(disable: 5287))
#endif
static const uint32_t Keyed256_ops [] =
{
  /* Keyed256 */
  DDS_OP_ADR | DDS_OP_TYPE_4BY, offsetof (Keyed256, seq),
  DDS_OP_ADR | DDS_OP_FLAG_KEY | DDS_OP_TYPE_4BY, offsetof (Keyed256, keyval),
  DDS_OP_ADR | DDS_OP_TYPE_ARR | DDS_OP_SUBTYPE_1BY, offsetof (Keyed256, baggage), 248u,
  DDS_OP_RTS,
  
  /* key: keyval */
  DDS_OP_KOF | 1, 2u /* order: 1 */
};

#if defined(_MSC_VER) && (_MSC_VER > 1943)
__pragma(warning(pop))
#endif
static const dds_key_descriptor_t Keyed256_keys[1] =
{
  { "keyval", 8, 0 }
};

/* Type Information:
  [MINIMAL d068ea42da13a8b6581420e86b99] (#deps: 0)
  [COMPLETE f83a76a6d905f2ed8831337007d4] (#deps: 0)
*/
#define TYPE_INFO_CDR_Keyed256 (const unsigned char []){ \
  0x60, 0x00, 0x00, 0x00, 0x01, 0x10, 0x00, 0x40, 0x28, 0x00, 0x00, 0x00, 0x24, 0x00, 0x00, 0x00, \
  0x14, 0x00, 0x00, 0x00, 0xf1, 0xd0, 0x68, 0xea, 0x42, 0xda, 0x13, 0xa8, 0xb6, 0x58, 0x14, 0x20, \
  0xe8, 0x6b, 0x99, 0x00, 0x52, 0x00, 0x00, 0x00, 0x00, 0x00, 0x00, 0x00, 0x04, 0x00, 0x00, 0x00, \
  0x00, 0x00, 0x00, 0x00, 0x02, 0x10, 0x00, 0x40, 0x28, 0x00, 0x00, 0x00, 0x24, 0x00, 0x00, 0x00, \
  0x14, 0x00, 0x00, 0x00, 0xf2, 0xf8, 0x3a, 0x76, 0xa6, 0xd9, 0x05, 0xf2, 0xed, 0x88, 0x31, 0x33, \
  0x70, 0x07, 0xd4, 0x00, 0x82, 0x00, 0x00, 0x00, 0x00, 0x00, 0x00, 0x00, 0x04, 0x00, 0x00, 0x00, \
  0x00, 0x00, 0x00, 0x00\
}
#define TYPE_INFO_CDR_SZ_Keyed256 100u
#define TYPE_MAP_CDR_Keyed256 (const unsigned char []){ \
  0x66, 0x00, 0x00, 0x00, 0x01, 0x00, 0x00, 0x00, 0xf1, 0xd0, 0x68, 0xea, 0x42, 0xda, 0x13, 0xa8, \
  0xb6, 0x58, 0x14, 0x20, 0xe8, 0x6b, 0x99, 0x00, 0x4e, 0x00, 0x00, 0x00, 0xf1, 0x51, 0x01, 0x00, \
  0x01, 0x00, 0x00, 0x00, 0x00, 0x00, 0x00, 0x00, 0x3e, 0x00, 0x00, 0x00, 0x03, 0x00, 0x00, 0x00, \
  0x0b, 0x00, 0x00, 0x00, 0x00, 0x00, 0x00, 0x00, 0x01, 0x00, 0x07, 0xe0, 0x68, 0xc2, 0xde, 0x00, \
  0x0b, 0x00, 0x00, 0x00, 0x01, 0x00, 0x00, 0x00, 0x21, 0x00, 0x07, 0x46, 0x2e, 0x6d, 0xa1, 0x00, \
  0x16, 0x00, 0x00, 0x00, 0x02, 0x00, 0x00, 0x00, 0x01, 0x00, 0x90, 0xf3, 0x01, 0x00, 0x00, 0x00, \
  0x01, 0x00, 0x00, 0x00, 0xf8, 0x02, 0xc7, 0xad, 0xc2, 0xf1, 0x00, 0x00, 0x96, 0x00, 0x00, 0x00, \
  0x01, 0x00, 0x00, 0x00, 0xf2, 0xf8, 0x3a, 0x76, 0xa6, 0xd9, 0x05, 0xf2, 0xed, 0x88, 0x31, 0x33, \
  0x70, 0x07, 0xd4, 0x00, 0x7e, 0x00, 0x00, 0x00, 0xf2, 0x51, 0x01, 0x00, 0x11, 0x00, 0x00, 0x00, \
  0x00, 0x00, 0x00, 0x00, 0x09, 0x00, 0x00, 0x00, 0x4b, 0x65, 0x79, 0x65, 0x64, 0x32, 0x35, 0x36, \
  0x00, 0x00, 0x00, 0x00, 0x5e, 0x00, 0x00, 0x00, 0x03, 0x00, 0x00, 0x00, 0x12, 0x00, 0x00, 0x00, \
  0x00, 0x00, 0x00, 0x00, 0x01, 0x00, 0x07, 0x00, 0x04, 0x00, 0x00, 0x00, 0x73, 0x65, 0x71, 0x00, \
  0x00, 0x00, 0x00, 0x00, 0x15, 0x00, 0x00, 0x00, 0x01, 0x00, 0x00, 0x00, 0x21, 0x00, 0x07, 0x00, \
  0x07, 0x00, 0x00, 0x00, 0x6b, 0x65, 0x79, 0x76, 0x61, 0x6c, 0x00, 0x00, 0x00, 0x00, 0x00, 0x00, \
  0x22, 0x00, 0x00, 0x00, 0x02, 0x00, 0x00, 0x00, 0x01, 0x00, 0x90, 0xf3, 0x01, 0x00, 0x00, 0x00, \
  0x01, 0x00, 0x00, 0x00, 0xf8, 0x02, 0x00, 0x00, 0x08, 0x00, 0x00, 0x00, 0x62, 0x61, 0x67, 0x67, \
  0x61, 0x67, 0x65, 0x00, 0x00, 0x00, 0x00, 0x00, 0x22, 0x00, 0x00, 0x00, 0x01, 0x00, 0x00, 0x00, \
  0xf2, 0xf8, 0x3a, 0x76, 0xa6, 0xd9, 0x05, 0xf2, 0xed, 0x88, 0x31, 0x33, 0x70, 0x07, 0xd4, 0xf1, \
  0xd0, 0x68, 0xea, 0x42, 0xda, 0x13, 0xa8, 0xb6, 0x58, 0x14, 0x20, 0xe8, 0x6b, 0x99\
}
#define TYPE_MAP_CDR_SZ_Keyed256 302u
const dds_topic_descriptor_t Keyed256_desc =
{
  .m_size = sizeof (Keyed256),
  .m_align = dds_alignof (Keyed256),
  .m_flagset = DDS_TOPIC_FIXED_SIZE | DDS_TOPIC_XTYPES_METADATA,
  .m_nkeys = 1u,
  .m_typename = "Keyed256",
  .m_keys = Keyed256_keys,
  .m_nops = sizeof (Keyed256_ops) / sizeof (Keyed256_ops[0]),
  .m_ops = Keyed256_ops,
  .m_meta = "",
  .type_information = { .data = TYPE_INFO_CDR_Keyed256, .sz = TYPE_INFO_CDR_SZ_Keyed256 },
  .type_mapping = { .data = TYPE_MAP_CDR_Keyed256, .sz = TYPE_MAP_CDR_SZ_Keyed256 }
};

#if defined(_MSC_VER) && (_MSC_VER > 1943)
__pragma(warning(push))
__pragma(warning(disable: 5287))
#endif
static const uint32_t KeyedSeq_ops [] =
{
  /* KeyedSeq */
  DDS_OP_ADR | DDS_OP_TYPE_4BY, offsetof (KeyedSeq, seq),
  DDS_OP_ADR | DDS_OP_FLAG_KEY | DDS_OP_TYPE_4BY, offsetof (KeyedSeq, keyval),
  DDS_OP_ADR | DDS_OP_TYPE_SEQ | DDS_OP_SUBTYPE_1BY, offsetof (KeyedSeq, baggage),
  DDS_OP_RTS,
  
  /* key: keyval */
  DDS_OP_KOF | 1, 2u /* order: 1 */
};

#if defined(_MSC_VER) && (_MSC_VER > 1943)
__pragma(warning(pop))
#endif
static const dds_key_descriptor_t KeyedSeq_keys[1] =
{
  { "keyval", 7, 0 }
};

/* Type Information:
  [MINIMAL 096285f9e92757d1da2320bd2ef1] (#deps: 0)
  [COMPLETE b1ea500a65cd092d1dedbfb2f005] (#deps: 0)
*/
#define TYPE_INFO_CDR_KeyedSeq (const unsigned char []){ \
  0x60, 0x00, 0x00, 0x00, 0x01, 0x10, 0x00, 0x40, 0x28, 0x00, 0x00, 0x00, 0x24, 0x00, 0x00, 0x00, \
  0x14, 0x00, 0x00, 0x00, 0xf1, 0x09, 0x62, 0x85, 0xf9, 0xe9, 0x27, 0x57, 0xd1, 0xda, 0x23, 0x20, \
  0xbd, 0x2e, 0xf1, 0x00, 0x4c, 0x00, 0x00, 0x00, 0x00, 0x00, 0x00, 0x00, 0x04, 0x00, 0x00, 0x00, \
  0x00, 0x00, 0x00, 0x00, 0x02, 0x10, 0x00, 0x40, 0x28, 0x00, 0x00, 0x00, 0x24, 0x00, 0x00, 0x00, \
  0x14, 0x00, 0x00, 0x00, 0xf2, 0xb1, 0xea, 0x50, 0x0a, 0x65, 0xcd, 0x09, 0x2d, 0x1d, 0xed, 0xbf, \
  0xb2, 0xf0, 0x05, 0x00, 0x7a, 0x00, 0x00, 0x00, 0x00, 0x00, 0x00, 0x00, 0x04, 0x00, 0x00, 0x00, \
  0x00, 0x00, 0x00, 0x00\
}
#define TYPE_INFO_CDR_SZ_KeyedSeq 100u
#define TYPE_MAP_CDR_KeyedSeq (const unsigned char []){ \
  0x60, 0x00, 0x00, 0x00, 0x01, 0x00, 0x00, 0x00, 0xf1, 0x09, 0x62, 0x85, 0xf9, 0xe9, 0x27, 0x57, \
  0xd1, 0xda, 0x23, 0x20, 0xbd, 0x2e, 0xf1, 0x00, 0x48, 0x00, 0x00, 0x00, 0xf1, 0x51, 0x01, 0x00, \
  0x01, 0x00, 0x00, 0x00, 0x00, 0x00, 0x00, 0x00, 0x38, 0x00, 0x00, 0x00, 0x03, 0x00, 0x00, 0x00, \
  0x0b, 0x00, 0x00, 0x00, 0x00, 0x00, 0x00, 0x00, 0x01, 0x00, 0x07, 0xe0, 0x68, 0xc2, 0xde, 0x00, \
  0x0b, 0x00, 0x00, 0x00, 0x01, 0x00, 0x00, 0x00, 0x21, 0x00, 0x07, 0x46, 0x2e, 0x6d, 0xa1, 0x00, \
  0x10, 0x00, 0x00, 0x00, 0x02, 0x00, 0x00, 0x00, 0x01, 0x00, 0x80, 0xf3, 0x01, 0x00, 0x00, 0x02, \
  0xc7, 0xad, 0xc2, 0xf1, 0x8e, 0x00, 0x00, 0x00, 0x01, 0x00, 0x00, 0x00, 0xf2, 0xb1, 0xea, 0x50, \
  0x0a, 0x65, 0xcd, 0x09, 0x2d, 0x1d, 0xed, 0xbf, 0xb2, 0xf0, 0x05, 0x00, 0x76, 0x00, 0x00, 0x00, \
  0xf2, 0x51, 0x01, 0x00, 0x11, 0x00, 0x00, 0x00, 0x00, 0x00, 0x00, 0x00, 0x09, 0x00, 0x00, 0x00, \
  0x4b, 0x65, 0x79, 0x65, 0x64, 0x53, 0x65, 0x71, 0x00, 0x00, 0x00, 0x00, 0x56, 0x00, 0x00, 0x00, \
  0x03, 0x00, 0x00, 0x00, 0x12, 0x00, 0x00, 0x00, 0x00, 0x00, 0x00, 0x00, 0x01, 0x00, 0x07, 0x00, \
  0x04, 0x00, 0x00, 0x00, 0x73, 0x65, 0x71, 0x00, 0x00, 0x00, 0x00, 0x00, 0x15, 0x00, 0x00, 0x00, \
  0x01, 0x00, 0x00, 0x00, 0x21, 0x00, 0x07, 0x00, 0x07, 0x00, 0x00, 0x00, 0x6b, 0x65, 0x79, 0x76, \
  0x61, 0x6c, 0x00, 0x00, 0x00, 0x00, 0x00, 0x00, 0x1a, 0x00, 0x00, 0x00, 0x02, 0x00, 0x00, 0x00, \
  0x01, 0x00, 0x80, 0xf3, 0x01, 0x00, 0x00, 0x02, 0x08, 0x00, 0x00, 0x00, 0x62, 0x61, 0x67, 0x67, \
  0x61, 0x67, 0x65, 0x00, 0x00, 0x00, 0x00, 0x00, 0x22, 0x00, 0x00, 0x00, 0x01, 0x00, 0x00, 0x00, \
  0xf2, 0xb1, 0xea, 0x50, 0x0a, 0x65, 0xcd, 0x09, 0x2d, 0x1d, 0xed, 0xbf, 0xb2, 0xf0, 0x05, 0xf1, \
  0x09, 0x62, 0x85, 0xf9, 0xe9, 0x27, 0x57, 0xd1, 0xda, 0x23, 0x20, 0xbd, 0x2e, 0xf1\
}
#define TYPE_MAP_CDR_SZ_KeyedSeq 286u
const dds_topic_descriptor_t KeyedSeq_desc =
{
  .m_size = sizeof (KeyedSeq),
  .m_align = dds_alignof (KeyedSeq),
  .m_flagset = DDS_TOPIC_XTYPES_METADATA,
  .m_nkeys = 1u,
  .m_typename = "KeyedSeq",
  .m_keys = KeyedSeq_keys,
  .m_nops = sizeof (KeyedSeq_ops) / sizeof (KeyedSeq_ops[0]),
  .m_ops = KeyedSeq_ops,
  .m_meta = "",
  .type_information = { .data = TYPE_INFO_CDR_KeyedSeq, .sz = TYPE_INFO_CDR_SZ_KeyedSeq },
  .type_mapping = { .data = TYPE_MAP_CDR_KeyedSeq, .sz = TYPE_MAP_CDR_SZ_KeyedSeq }
};

#if defined(_MSC_VER) && (_MSC_VER > 1943)
__pragma(warning(push))
__pragma(warning(disable: 5287))
#endif
static const uint32_t CPUStats_ops [] =
{
  /* CPUStats */
  DDS_OP_ADR | DDS_OP_FLAG_KEY | DDS_OP_TYPE_STR, offsetof (CPUStats, hostname),
  DDS_OP_ADR | DDS_OP_FLAG_KEY | DDS_OP_TYPE_4BY, offsetof (CPUStats, pid),
  DDS_OP_ADR | DDS_OP_TYPE_8BY | DDS_OP_FLAG_FP, offsetof (CPUStats, maxrss),
  DDS_OP_ADR | DDS_OP_TYPE_4BY, offsetof (CPUStats, vcsw),
  DDS_OP_ADR | DDS_OP_TYPE_4BY, offsetof (CPUStats, ivcsw),
  DDS_OP_ADR | DDS_OP_TYPE_BLN, offsetof (CPUStats, some_above),
  DDS_OP_ADR | DDS_OP_TYPE_SEQ | DDS_OP_SUBTYPE_STU, offsetof (CPUStats, cpu), sizeof (CPUStatThread), (4u << 16u) + 5u /* CPUStatThread */,
  DDS_OP_RTS,

  /* CPUStatThread */
  DDS_OP_ADR | DDS_OP_TYPE_STR, offsetof (CPUStatThread, name),
  DDS_OP_ADR | DDS_OP_TYPE_4BY | DDS_OP_FLAG_SGN, offsetof (CPUStatThread, u_pct),
  DDS_OP_ADR | DDS_OP_TYPE_4BY | DDS_OP_FLAG_SGN, offsetof (CPUStatThread, s_pct),
  DDS_OP_RTS,
  
  /* key: hostname */
  DDS_OP_KOF | 1, 0u /* order: 0 */,
  
  /* key: pid */
  DDS_OP_KOF | 1, 2u /* order: 1 */
};

#if defined(_MSC_VER) && (_MSC_VER > 1943)
__pragma(warning(pop))
#endif
static const dds_key_descriptor_t CPUStats_keys[2] =
{
  { "hostname", 24, 0 },
  { "pid", 26, 1 }
};

/* Type Information:
  [MINIMAL bcbd7287b6cda0716bfbe054e1d3] (#deps: 1)
   - [MINIMAL 91f354b8e134e42f8d513e316e88]
  [COMPLETE 7c5d3286ad2cf58e2a6f07e3f89e] (#deps: 1)
   - [COMPLETE 8383ddd15723cf04f58796fd2fb9]
*/
#define TYPE_INFO_CDR_CPUStats (const unsigned char []){ \
  0x90, 0x00, 0x00, 0x00, 0x01, 0x10, 0x00, 0x40, 0x40, 0x00, 0x00, 0x00, 0x3c, 0x00, 0x00, 0x00, \
  0x14, 0x00, 0x00, 0x00, 0xf1, 0xbc, 0xbd, 0x72, 0x87, 0xb6, 0xcd, 0xa0, 0x71, 0x6b, 0xfb, 0xe0, \
  0x54, 0xe1, 0xd3, 0x00, 0x9a, 0x00, 0x00, 0x00, 0x01, 0x00, 0x00, 0x00, 0x1c, 0x00, 0x00, 0x00, \
  0x01, 0x00, 0x00, 0x00, 0x14, 0x00, 0x00, 0x00, 0xf1, 0x91, 0xf3, 0x54, 0xb8, 0xe1, 0x34, 0xe4, \
  0x2f, 0x8d, 0x51, 0x3e, 0x31, 0x6e, 0x88, 0x00, 0x47, 0x00, 0x00, 0x00, 0x02, 0x10, 0x00, 0x40, \
  0x40, 0x00, 0x00, 0x00, 0x3c, 0x00, 0x00, 0x00, 0x14, 0x00, 0x00, 0x00, 0xf2, 0x7c, 0x5d, 0x32, \
  0x86, 0xad, 0x2c, 0xf5, 0x8e, 0x2a, 0x6f, 0x07, 0xe3, 0xf8, 0x9e, 0x00, 0xf2, 0x00, 0x00, 0x00, \
  0x01, 0x00, 0x00, 0x00, 0x1c, 0x00, 0x00, 0x00, 0x01, 0x00, 0x00, 0x00, 0x14, 0x00, 0x00, 0x00, \
  0xf2, 0x83, 0x83, 0xdd, 0xd1, 0x57, 0x23, 0xcf, 0x04, 0xf5, 0x87, 0x96, 0xfd, 0x2f, 0xb9, 0x00, \
  0x74, 0x00, 0x00, 0x00\
}
#define TYPE_INFO_CDR_SZ_CPUStats 148u
#define TYPE_MAP_CDR_CPUStats (const unsigned char []){ \
  0x07, 0x01, 0x00, 0x00, 0x02, 0x00, 0x00, 0x00, 0xf1, 0xbc, 0xbd, 0x72, 0x87, 0xb6, 0xcd, 0xa0, \
  0x71, 0x6b, 0xfb, 0xe0, 0x54, 0xe1, 0xd3, 0x00, 0x96, 0x00, 0x00, 0x00, 0xf1, 0x51, 0x01, 0x00, \
  0x01, 0x00, 0x00, 0x00, 0x00, 0x00, 0x00, 0x00, 0x86, 0x00, 0x00, 0x00, 0x07, 0x00, 0x00, 0x00, \
  0x0c, 0x00, 0x00, 0x00, 0x00, 0x00, 0x00, 0x00, 0x21, 0x00, 0x70, 0x00, 0x08, 0x97, 0xac, 0xf4, \
  0x0b, 0x00, 0x00, 0x00, 0x01, 0x00, 0x00, 0x00, 0x21, 0x00, 0x07, 0x0d, 0xb3, 0x20, 0x9e, 0x00, \
  0x0b, 0x00, 0x00, 0x00, 0x02, 0x00, 0x00, 0x00, 0x01, 0x00, 0x0a, 0x30, 0x0b, 0x59, 0x0a, 0x00, \
  0x0b, 0x00, 0x00, 0x00, 0x03, 0x00, 0x00, 0x00, 0x01, 0x00, 0x07, 0x8d, 0x83, 0xcd, 0xf2, 0x00, \
  0x0b, 0x00, 0x00, 0x00, 0x04, 0x00, 0x00, 0x00, 0x01, 0x00, 0x07, 0x0b, 0xc5, 0x1e, 0x9a, 0x00, \
  0x0b, 0x00, 0x00, 0x00, 0x05, 0x00, 0x00, 0x00, 0x01, 0x00, 0x01, 0x7a, 0x6f, 0x82, 0x3e, 0x00, \
  0x1e, 0x00, 0x00, 0x00, 0x06, 0x00, 0x00, 0x00, 0x01, 0x00, 0x80, 0xf1, 0x01, 0x00, 0x00, 0xf1, \
  0x91, 0xf3, 0x54, 0xb8, 0xe1, 0x34, 0xe4, 0x2f, 0x8d, 0x51, 0x3e, 0x31, 0x6e, 0x88, 0xd9, 0x74, \
  0x7e, 0x2d, 0xf1, 0x91, 0xf3, 0x54, 0xb8, 0xe1, 0x34, 0xe4, 0x2f, 0x8d, 0x51, 0x3e, 0x31, 0x6e, \
  0x88, 0x00, 0x00, 0x00, 0x43, 0x00, 0x00, 0x00, 0xf1, 0x51, 0x09, 0x00, 0x01, 0x00, 0x00, 0x00, \
  0x00, 0x00, 0x00, 0x00, 0x33, 0x00, 0x00, 0x00, 0x03, 0x00, 0x00, 0x00, 0x0c, 0x00, 0x00, 0x00, \
  0x00, 0x00, 0x00, 0x00, 0x01, 0x00, 0x70, 0x00, 0xb0, 0x68, 0x93, 0x1c, 0x0b, 0x00, 0x00, 0x00, \
  0x01, 0x00, 0x00, 0x00, 0x01, 0x00, 0x04, 0x5c, 0x8d, 0x91, 0xa4, 0x00, 0x0b, 0x00, 0x00, 0x00, \
  0x02, 0x00, 0x00, 0x00, 0x01, 0x00, 0x04, 0x19, 0x09, 0x3a, 0x0c, 0x00, 0x8c, 0x01, 0x00, 0x00, \
  0x02, 0x00, 0x00, 0x00, 0xf2, 0x7c, 0x5d, 0x32, 0x86, 0xad, 0x2c, 0xf5, 0x8e, 0x2a, 0x6f, 0x07, \
  0xe3, 0xf8, 0x9e, 0x00, 0xee, 0x00, 0x00, 0x00, 0xf2, 0x51, 0x01, 0x00, 0x11, 0x00, 0x00, 0x00, \
  0x00, 0x00, 0x00, 0x00, 0x09, 0x00, 0x00, 0x00, 0x43, 0x50, 0x55, 0x53, 0x74, 0x61, 0x74, 0x73, \
  0x00, 0x00, 0x00, 0x00, 0xce, 0x00, 0x00, 0x00, 0x07, 0x00, 0x00, 0x00, 0x17, 0x00, 0x00, 0x00, \
  0x00, 0x00, 0x00, 0x00, 0x21, 0x00, 0x70, 0x00, 0x09, 0x00, 0x00, 0x00, 0x68, 0x6f, 0x73, 0x74, \
  0x6e, 0x61, 0x6d, 0x65, 0x00, 0x00, 0x00, 0x00, 0x12, 0x00, 0x00, 0x00, 0x01, 0x00, 0x00, 0x00, \
  0x21, 0x00, 0x07, 0x00, 0x04, 0x00, 0x00, 0x00, 0x70, 0x69, 0x64, 0x00, 0x00, 0x00, 0x00, 0x00, \
  0x15, 0x00, 0x00, 0x00, 0x02, 0x00, 0x00, 0x00, 0x01, 0x00, 0x0a, 0x00, 0x07, 0x00, 0x00, 0x00, \
  0x6d, 0x61, 0x78, 0x72, 0x73, 0x73, 0x00, 0x00, 0x00, 0x00, 0x00, 0x00, 0x13, 0x00, 0x00, 0x00, \
  0x03, 0x00, 0x00, 0x00, 0x01, 0x00, 0x07, 0x00, 0x05, 0x00, 0x00, 0x00, 0x76, 0x63, 0x73, 0x77, \
  0x00, 0x00, 0x00, 0x00, 0x14, 0x00, 0x00, 0x00, 0x04, 0x00, 0x00, 0x00, 0x01, 0x00, 0x07, 0x00, \
  0x06, 0x00, 0x00, 0x00, 0x69, 0x76, 0x63, 0x73, 0x77, 0x00, 0x00, 0x00, 0x19, 0x00, 0x00, 0x00, \
  0x05, 0x00, 0x00, 0x00, 0x01, 0x00, 0x01, 0x00, 0x0b, 0x00, 0x00, 0x00, 0x73, 0x6f, 0x6d, 0x65, \
  0x5f, 0x61, 0x62, 0x6f, 0x76, 0x65, 0x00, 0x00, 0x00, 0x00, 0x00, 0x00, 0x26, 0x00, 0x00, 0x00, \
  0x06, 0x00, 0x00, 0x00, 0x01, 0x00, 0x80, 0xf2, 0x01, 0x00, 0x00, 0xf2, 0x83, 0x83, 0xdd, 0xd1, \
  0x57, 0x23, 0xcf, 0x04, 0xf5, 0x87, 0x96, 0xfd, 0x2f, 0xb9, 0x00, 0x00, 0x04, 0x00, 0x00, 0x00, \
  0x63, 0x70, 0x75, 0x00, 0x00, 0x00, 0xf2, 0x83, 0x83, 0xdd, 0xd1, 0x57, 0x23, 0xcf, 0x04, 0xf5, \
  0x87, 0x96, 0xfd, 0x2f, 0xb9, 0x00, 0x00, 0x00, 0x70, 0x00, 0x00, 0x00, 0xf2, 0x51, 0x09, 0x00, \
  0x16, 0x00, 0x00, 0x00, 0x00, 0x00, 0x00, 0x00, 0x0e, 0x00, 0x00, 0x00, 0x43, 0x50, 0x55, 0x53, \
  0x74, 0x61, 0x74, 0x54, 0x68, 0x72, 0x65, 0x61, 0x64, 0x00, 0x00, 0x00, 0x4c, 0x00, 0x00, 0x00, \
  0x03, 0x00, 0x00, 0x00, 0x13, 0x00, 0x00, 0x00, 0x00, 0x00, 0x00, 0x00, 0x01, 0x00, 0x70, 0x00, \
  0x05, 0x00, 0x00, 0x00, 0x6e, 0x61, 0x6d, 0x65, 0x00, 0x00, 0x00, 0x00, 0x14, 0x00, 0x00, 0x00, \
  0x01, 0x00, 0x00, 0x00, 0x01, 0x00, 0x04, 0x00, 0x06, 0x00, 0x00, 0x00, 0x75, 0x5f, 0x70, 0x63, \
  0x74, 0x00, 0x00, 0x00, 0x14, 0x00, 0x00, 0x00, 0x02, 0x00, 0x00, 0x00, 0x01, 0x00, 0x04, 0x00, \
  0x06, 0x00, 0x00, 0x00, 0x73, 0x5f, 0x70, 0x63, 0x74, 0x00, 0x00, 0x00, 0x40, 0x00, 0x00, 0x00, \
  0x02, 0x00, 0x00, 0x00, 0xf2, 0x7c, 0x5d, 0x32, 0x86, 0xad, 0x2c, 0xf5, 0x8e, 0x2a, 0x6f, 0x07, \
  0xe3, 0xf8, 0x9e, 0xf1, 0xbc, 0xbd, 0x72, 0x87, 0xb6, 0xcd, 0xa0, 0x71, 0x6b, 0xfb, 0xe0, 0x54, \
  0xe1, 0xd3, 0xf2, 0x83, 0x83, 0xdd, 0xd1, 0x57, 0x23, 0xcf, 0x04, 0xf5, 0x87, 0x96, 0xfd, 0x2f, \
  0xb9, 0xf1, 0x91, 0xf3, 0x54, 0xb8, 0xe1, 0x34, 0xe4, 0x2f, 0x8d, 0x51, 0x3e, 0x31, 0x6e, 0x88\
}
#define TYPE_MAP_CDR_SZ_CPUStats 736u
const dds_topic_descriptor_t CPUStats_desc =
{
  .m_size = sizeof (CPUStats),
  .m_align = dds_alignof (CPUStats),
  .m_flagset = DDS_TOPIC_XTYPES_METADATA,
  .m_nkeys = 2u,
  .m_typename = "CPUStats",
  .m_keys = CPUStats_keys,
  .m_nops = sizeof (CPUStats_ops) / sizeof (CPUStats_ops[0]),
  .m_ops = CPUStats_ops,
  .m_meta = "",
  .type_information = { .data = TYPE_INFO_CDR_CPUStats, .sz = TYPE_INFO_CDR_SZ_CPUStats },
  .type_mapping = { .data = TYPE_MAP_CDR_CPUStats, .sz = TYPE_MAP_CDR_SZ_CPUStats }
};

#if defined(_MSC_VER) && (_MSC_VER > 1943)
__pragma(warning(push))
__pragma(warning(disable: 5287))
#endif
static const uint32_t Struct16_ops [] =
{
  /* Struct16 */
  DDS_OP_ADR | DDS_OP_TYPE_1BY, offsetof (Struct16, struct0),
  DDS_OP_ADR | DDS_OP_TYPE_1BY, offsetof (Struct16, struct1),
  DDS_OP_ADR | DDS_OP_TYPE_1BY, offsetof (Struct16, struct2),
  DDS_OP_ADR | DDS_OP_TYPE_1BY, offsetof (Struct16, struct3),
  DDS_OP_ADR | DDS_OP_TYPE_1BY, offsetof (Struct16, struct4),
  DDS_OP_ADR | DDS_OP_TYPE_1BY, offsetof (Struct16, struct5),
  DDS_OP_ADR | DDS_OP_TYPE_1BY, offsetof (Struct16, struct6),
  DDS_OP_ADR | DDS_OP_TYPE_1BY, offsetof (Struct16, struct7),
  DDS_OP_ADR | DDS_OP_TYPE_1BY, offsetof (Struct16, struct8),
  DDS_OP_ADR | DDS_OP_TYPE_1BY, offsetof (Struct16, struct9),
  DDS_OP_ADR | DDS_OP_TYPE_1BY, offsetof (Struct16, structa),
  DDS_OP_ADR | DDS_OP_TYPE_1BY, offsetof (Struct16, structb),
  DDS_OP_ADR | DDS_OP_TYPE_1BY, offsetof (Struct16, structc),
  DDS_OP_ADR | DDS_OP_TYPE_1BY, offsetof (Struct16, structd),
  DDS_OP_ADR | DDS_OP_TYPE_1BY, offsetof (Struct16, structe),
  DDS_OP_ADR | DDS_OP_TYPE_1BY, offsetof (Struct16, structf),
  DDS_OP_ADR | DDS_OP_TYPE_8BY | DDS_OP_FLAG_SGN, offsetof (Struct16, junk),
  DDS_OP_ADR | DDS_OP_TYPE_4BY, offsetof (Struct16, seq),
  DDS_OP_ADR | DDS_OP_FLAG_KEY | DDS_OP_TYPE_4BY, offsetof (Struct16, keyval),
  DDS_OP_RTS,
  
  /* key: keyval */
  DDS_OP_KOF | 1, 36u /* order: 18 */
};

#if defined(_MSC_VER) && (_MSC_VER > 1943)
__pragma(warning(pop))
#endif
static const dds_key_descriptor_t Struct16_keys[1] =
{
  { "keyval", 39, 0 }
};

/* Type Information:
  [MINIMAL 0a648c867db7704d1dd3eb3ebfb0] (#deps: 0)
  [COMPLETE d7c05711a344d7e57372f7ce6b0e] (#deps: 0)
*/
#define TYPE_INFO_CDR_Struct16 (const unsigned char []){ \
  0x60, 0x00, 0x00, 0x00, 0x01, 0x10, 0x00, 0x40, 0x28, 0x00, 0x00, 0x00, 0x24, 0x00, 0x00, 0x00, \
  0x14, 0x00, 0x00, 0x00, 0xf1, 0x0a, 0x64, 0x8c, 0x86, 0x7d, 0xb7, 0x70, 0x4d, 0x1d, 0xd3, 0xeb, \
  0x3e, 0xbf, 0xb0, 0x00, 0x47, 0x01, 0x00, 0x00, 0x00, 0x00, 0x00, 0x00, 0x04, 0x00, 0x00, 0x00, \
  0x00, 0x00, 0x00, 0x00, 0x02, 0x10, 0x00, 0x40, 0x28, 0x00, 0x00, 0x00, 0x24, 0x00, 0x00, 0x00, \
  0x14, 0x00, 0x00, 0x00, 0xf2, 0xd7, 0xc0, 0x57, 0x11, 0xa3, 0x44, 0xd7, 0xe5, 0x73, 0x72, 0xf7, \
  0xce, 0x6b, 0x0e, 0x00, 0x31, 0x02, 0x00, 0x00, 0x00, 0x00, 0x00, 0x00, 0x04, 0x00, 0x00, 0x00, \
  0x00, 0x00, 0x00, 0x00\
}
#define TYPE_INFO_CDR_SZ_Struct16 100u
#define TYPE_MAP_CDR_Struct16 (const unsigned char []){ \
  0x5b, 0x01, 0x00, 0x00, 0x01, 0x00, 0x00, 0x00, 0xf1, 0x0a, 0x64, 0x8c, 0x86, 0x7d, 0xb7, 0x70, \
  0x4d, 0x1d, 0xd3, 0xeb, 0x3e, 0xbf, 0xb0, 0x00, 0x43, 0x01, 0x00, 0x00, 0xf1, 0x51, 0x01, 0x00, \
  0x01, 0x00, 0x00, 0x00, 0x00, 0x00, 0x00, 0x00, 0x33, 0x01, 0x00, 0x00, 0x13, 0x00, 0x00, 0x00, \
  0x0b, 0x00, 0x00, 0x00, 0x00, 0x00, 0x00, 0x00, 0x01, 0x00, 0x02, 0xa8, 0x89, 0x52, 0x2d, 0x00, \
  0x0b, 0x00, 0x00, 0x00, 0x01, 0x00, 0x00, 0x00, 0x01, 0x00, 0x02, 0xb7, 0x8b, 0x0f, 0x01, 0x00, \
  0x0b, 0x00, 0x00, 0x00, 0x02, 0x00, 0x00, 0x00, 0x01, 0x00, 0x02, 0x96, 0xe7, 0x0c, 0xe1, 0x00, \
  0x0b, 0x00, 0x00, 0x00, 0x03, 0x00, 0x00, 0x00, 0x01, 0x00, 0x02, 0x23, 0xf3, 0xb2, 0x1f, 0x00, \
  0x0b, 0x00, 0x00, 0x00, 0x04, 0x00, 0x00, 0x00, 0x01, 0x00, 0x02, 0xc0, 0xf2, 0x65, 0x1f, 0x00, \
  0x0b, 0x00, 0x00, 0x00, 0x05, 0x00, 0x00, 0x00, 0x01, 0x00, 0x02, 0xf1, 0x69, 0x11, 0x8b, 0x00, \
  0x0b, 0x00, 0x00, 0x00, 0x06, 0x00, 0x00, 0x00, 0x01, 0x00, 0x02, 0x37, 0x75, 0xe2, 0x76, 0x00, \
  0x0b, 0x00, 0x00, 0x00, 0x07, 0x00, 0x00, 0x00, 0x01, 0x00, 0x02, 0xdb, 0xc3, 0x99, 0x9c, 0x00, \
  0x0b, 0x00, 0x00, 0x00, 0x08, 0x00, 0x00, 0x00, 0x01, 0x00, 0x02, 0x43, 0xc7, 0x17, 0x20, 0x00, \
  0x0b, 0x00, 0x00, 0x00, 0x09, 0x00, 0x00, 0x00, 0x01, 0x00, 0x02, 0xb1, 0x41, 0xce, 0x96, 0x00, \
  0x0b, 0x00, 0x00, 0x00, 0x0a, 0x00, 0x00, 0x00, 0x01, 0x00, 0x02, 0x8a, 0xd2, 0xcc, 0xb1, 0x00, \
  0x0b, 0x00, 0x00, 0x00, 0x0b, 0x00, 0x00, 0x00, 0x01, 0x00, 0x02, 0xd2, 0x35, 0xa8, 0x42, 0x00, \
  0x0b, 0x00, 0x00, 0x00, 0x0c, 0x00, 0x00, 0x00, 0x01, 0x00, 0x02, 0xa2, 0x1c, 0x56, 0x13, 0x00, \
  0x0b, 0x00, 0x00, 0x00, 0x0d, 0x00, 0x00, 0x00, 0x01, 0x00, 0x02, 0x98, 0x67, 0x5e, 0xe2, 0x00, \
  0x0b, 0x00, 0x00, 0x00, 0x0e, 0x00, 0x00, 0x00, 0x01, 0x00, 0x02, 0x30, 0x84, 0x4f, 0xfe, 0x00, \
  0x0b, 0x00, 0x00, 0x00, 0x0f, 0x00, 0x00, 0x00, 0x01, 0x00, 0x02, 0x19, 0x49, 0x9e, 0xa8, 0x00, \
  0x0b, 0x00, 0x00, 0x00, 0x10, 0x00, 0x00, 0x00, 0x01, 0x00, 0x05, 0x0c, 0x82, 0x1f, 0x67, 0x00, \
  0x0b, 0x00, 0x00, 0x00, 0x11, 0x00, 0x00, 0x00, 0x01, 0x00, 0x07, 0xe0, 0x68, 0xc2, 0xde, 0x00, \
  0x0b, 0x00, 0x00, 0x00, 0x12, 0x00, 0x00, 0x00, 0x21, 0x00, 0x07, 0x46, 0x2e, 0x6d, 0xa1, 0x00, \
  0x45, 0x02, 0x00, 0x00, 0x01, 0x00, 0x00, 0x00, 0xf2, 0xd7, 0xc0, 0x57, 0x11, 0xa3, 0x44, 0xd7, \
  0xe5, 0x73, 0x72, 0xf7, 0xce, 0x6b, 0x0e, 0x00, 0x2d, 0x02, 0x00, 0x00, 0xf2, 0x51, 0x01, 0x00, \
  0x11, 0x00, 0x00, 0x00, 0x00, 0x00, 0x00, 0x00, 0x09, 0x00, 0x00, 0x00, 0x53, 0x74, 0x72, 0x75, \
  0x63, 0x74, 0x31, 0x36, 0x00, 0x00, 0x00, 0x00, 0x0d, 0x02, 0x00, 0x00, 0x13, 0x00, 0x00, 0x00, \
  0x16, 0x00, 0x00, 0x00, 0x00, 0x00, 0x00, 0x00, 0x01, 0x00, 0x02, 0x00, 0x08, 0x00, 0x00, 0x00, \
  0x73, 0x74, 0x72, 0x75, 0x63, 0x74, 0x30, 0x00, 0x00, 0x00, 0x00, 0x00, 0x16, 0x00, 0x00, 0x00, \
  0x01, 0x00, 0x00, 0x00, 0x01, 0x00, 0x02, 0x00, 0x08, 0x00, 0x00, 0x00, 0x73, 0x74, 0x72, 0x75, \
  0x63, 0x74, 0x31, 0x00, 0x00, 0x00, 0x00, 0x00, 0x16, 0x00, 0x00, 0x00, 0x02, 0x00, 0x00, 0x00, \
  0x01, 0x00, 0x02, 0x00, 0x08, 0x00, 0x00, 0x00, 0x73, 0x74, 0x72, 0x75, 0x63, 0x74, 0x32, 0x00, \
  0x00, 0x00, 0x00, 0x00, 0x16, 0x00, 0x00, 0x00, 0x03, 0x00, 0x00, 0x00, 0x01, 0x00, 0x02, 0x00, \
  0x08, 0x00, 0x00, 0x00, 0x73, 0x74, 0x72, 0x75, 0x63, 0x74, 0x33, 0x00, 0x00, 0x00, 0x00, 0x00, \
  0x16, 0x00, 0x00, 0x00, 0x04, 0x00, 0x00, 0x00, 0x01, 0x00, 0x02, 0x00, 0x08, 0x00, 0x00, 0x00, \
  0x73, 0x74, 0x72, 0x75, 0x63, 0x74, 0x34, 0x00, 0x00, 0x00, 0x00, 0x00, 0x16, 0x00, 0x00, 0x00, \
  0x05, 0x00, 0x00, 0x00, 0x01, 0x00, 0x02, 0x00, 0x08, 0x00, 0x00, 0x00, 0x73, 0x74, 0x72, 0x75, \
  0x63, 0x74, 0x35, 0x00, 0x00, 0x00, 0x00, 0x00, 0x16, 0x00, 0x00, 0x00, 0x06, 0x00, 0x00, 0x00, \
  0x01, 0x00, 0x02, 0x00, 0x08, 0x00, 0x00, 0x00, 0x73, 0x74, 0x72, 0x75, 0x63, 0x74, 0x36, 0x00, \
  0x00, 0x00, 0x00, 0x00, 0x16, 0x00, 0x00, 0x00, 0x07, 0x00, 0x00, 0x00, 0x01, 0x00, 0x02, 0x00, \
  0x08, 0x00, 0x00, 0x00, 0x73, 0x74, 0x72, 0x75, 0x63, 0x74, 0x37, 0x00, 0x00, 0x00, 0x00, 0x00, \
  0x16, 0x00, 0x00, 0x00, 0x08, 0x00, 0x00, 0x00, 0x01, 0x00, 0x02, 0x00, 0x08, 0x00, 0x00, 0x00, \
  0x73, 0x74, 0x72, 0x75, 0x63, 0x74, 0x38, 0x00, 0x00, 0x00, 0x00, 0x00, 0x16, 0x00, 0x00, 0x00, \
  0x09, 0x00, 0x00, 0x00, 0x01, 0x00, 0x02, 0x00, 0x08, 0x00, 0x00, 0x00, 0x73, 0x74, 0x72, 0x75, \
  0x63, 0x74, 0x39, 0x00, 0x00, 0x00, 0x00, 0x00, 0x16, 0x00, 0x00, 0x00, 0x0a, 0x00, 0x00, 0x00, \
  0x01, 0x00, 0x02, 0x00, 0x08, 0x00, 0x00, 0x00, 0x73, 0x74, 0x72, 0x75, 0x63, 0x74, 0x61, 0x00, \
  0x00, 0x00, 0x00, 0x00, 0x16, 0x00, 0x00, 0x00, 0x0b, 0x00, 0x00, 0x00, 0x01, 0x00, 0x02, 0x00, \
  0x08, 0x00, 0x00, 0x00, 0x73, 0x74, 0x72, 0x75, 0x63, 0x74, 0x62, 0x00, 0x00, 0x00, 0x00, 0x00, \
  0x16, 0x00, 0x00, 0x00, 0x0c, 0x00, 0x00, 0x00, 0x01, 0x00, 0x02, 0x00, 0x08, 0x00, 0x00, 0x00, \
  0x73, 0x74, 0x72, 0x75, 0x63, 0x74, 0x63, 0x00, 0x00, 0x00, 0x00, 0x00, 0x16, 0x00, 0x00, 0x00, \
  0x0d, 0x00, 0x00, 0x00, 0x01, 0x00, 0x02, 0x00, 0x08, 0x00, 0x00, 0x00, 0x73, 0x74, 0x72, 0x75, \
  0x63, 0x74, 0x64, 0x00, 0x00, 0x00, 0x00, 0x00, 0x16, 0x00, 0x00, 0x00, 0x0e, 0x00, 0x00, 0x00, \
  0x01, 0x00, 0x02, 0x00, 0x08, 0x00, 0x00, 0x00, 0x73, 0x74, 0x72, 0x75, 0x63, 0x74, 0x65, 0x00, \
  0x00, 0x00, 0x00, 0x00, 0x16, 0x00, 0x00, 0x00, 0x0f, 0x00, 0x00, 0x00, 0x01, 0x00, 0x02, 0x00, \
  0x08, 0x00, 0x00, 0x00, 0x73, 0x74, 0x72, 0x75, 0x63, 0x74, 0x66, 0x00, 0x00, 0x00, 0x00, 0x00, \
  0x13, 0x00, 0x00, 0x00, 0x10, 0x00, 0x00, 0x00, 0x01, 0x00, 0x05, 0x00, 0x05, 0x00, 0x00, 0x00, \
  0x6a, 0x75, 0x6e, 0x6b, 0x00, 0x00, 0x00, 0x00, 0x12, 0x00, 0x00, 0x00, 0x11, 0x00, 0x00, 0x00, \
  0x01, 0x00, 0x07, 0x00, 0x04, 0x00, 0x00, 0x00, 0x73, 0x65, 0x71, 0x00, 0x00, 0x00, 0x00, 0x00, \
  0x15, 0x00, 0x00, 0x00, 0x12, 0x00, 0x00, 0x00, 0x21, 0x00, 0x07, 0x00, 0x07, 0x00, 0x00, 0x00, \
  0x6b, 0x65, 0x79, 0x76, 0x61, 0x6c, 0x00, 0x00, 0x00, 0x00, 0x00, 0x00, 0x22, 0x00, 0x00, 0x00, \
  0x01, 0x00, 0x00, 0x00, 0xf2, 0xd7, 0xc0, 0x57, 0x11, 0xa3, 0x44, 0xd7, 0xe5, 0x73, 0x72, 0xf7, \
  0xce, 0x6b, 0x0e, 0xf1, 0x0a, 0x64, 0x8c, 0x86, 0x7d, 0xb7, 0x70, 0x4d, 0x1d, 0xd3, 0xeb, 0x3e, \
  0xbf, 0xb0\
}
#define TYPE_MAP_CDR_SZ_Struct16 978u
const dds_topic_descriptor_t Struct16_desc =
{
  .m_size = sizeof (Struct16),
  .m_align = dds_alignof (Struct16),
  .m_flagset = DDS_TOPIC_FIXED_SIZE | DDS_TOPIC_XTYPES_METADATA,
  .m_nkeys = 1u,
  .m_typename = "Struct16",
  .m_keys = Struct16_keys,
  .m_nops = sizeof (Struct16_ops) / sizeof (Struct16_ops[0]),
  .m_ops = Struct16_ops,
  .m_meta = "",
  .type_information = { .data = TYPE_INFO_CDR_Struct16, .sz = TYPE_INFO_CDR_SZ_Struct16 },
  .type_mapping = { .data = TYPE_MAP_CDR_Struct16, .sz = TYPE_MAP_CDR_SZ_Struct16 }
};

#if defined(_MSC_VER) && (_MSC_VER > 1943)
__pragma(warning(push))
__pragma(warning(disable: 5287))
#endif
static const uint32_t Struct256_ops [] =
{
  /* Struct256 */
  DDS_OP_ADR | DDS_OP_TYPE_EXT, offsetof (Struct256, struct160), (3u << 16u) + 55u /* Struct16 */,
  DDS_OP_ADR | DDS_OP_TYPE_EXT, offsetof (Struct256, struct161), (3u << 16u) + 52u /* Struct16 */,
  DDS_OP_ADR | DDS_OP_TYPE_EXT, offsetof (Struct256, struct162), (3u << 16u) + 49u /* Struct16 */,
  DDS_OP_ADR | DDS_OP_TYPE_EXT, offsetof (Struct256, struct163), (3u << 16u) + 46u /* Struct16 */,
  DDS_OP_ADR | DDS_OP_TYPE_EXT, offsetof (Struct256, struct164), (3u << 16u) + 43u /* Struct16 */,
  DDS_OP_ADR | DDS_OP_TYPE_EXT, offsetof (Struct256, struct165), (3u << 16u) + 40u /* Struct16 */,
  DDS_OP_ADR | DDS_OP_TYPE_EXT, offsetof (Struct256, struct166), (3u << 16u) + 37u /* Struct16 */,
  DDS_OP_ADR | DDS_OP_TYPE_EXT, offsetof (Struct256, struct167), (3u << 16u) + 34u /* Struct16 */,
  DDS_OP_ADR | DDS_OP_TYPE_EXT, offsetof (Struct256, struct168), (3u << 16u) + 31u /* Struct16 */,
  DDS_OP_ADR | DDS_OP_TYPE_EXT, offsetof (Struct256, struct169), (3u << 16u) + 28u /* Struct16 */,
  DDS_OP_ADR | DDS_OP_TYPE_EXT, offsetof (Struct256, struct16a), (3u << 16u) + 25u /* Struct16 */,
  DDS_OP_ADR | DDS_OP_TYPE_EXT, offsetof (Struct256, struct16b), (3u << 16u) + 22u /* Struct16 */,
  DDS_OP_ADR | DDS_OP_TYPE_EXT, offsetof (Struct256, struct16c), (3u << 16u) + 19u /* Struct16 */,
  DDS_OP_ADR | DDS_OP_TYPE_EXT, offsetof (Struct256, struct16d), (3u << 16u) + 16u /* Struct16 */,
  DDS_OP_ADR | DDS_OP_TYPE_EXT, offsetof (Struct256, struct16e), (3u << 16u) + 13u /* Struct16 */,
  DDS_OP_ADR | DDS_OP_TYPE_EXT, offsetof (Struct256, struct16f), (3u << 16u) + 10u /* Struct16 */,
  DDS_OP_ADR | DDS_OP_TYPE_8BY | DDS_OP_FLAG_SGN, offsetof (Struct256, junk),
  DDS_OP_ADR | DDS_OP_TYPE_4BY, offsetof (Struct256, seq),
  DDS_OP_ADR | DDS_OP_FLAG_KEY | DDS_OP_TYPE_4BY, offsetof (Struct256, keyval),
  DDS_OP_RTS,

  /* Struct16 */
  DDS_OP_ADR | DDS_OP_TYPE_1BY, offsetof (Struct16, struct0),
  DDS_OP_ADR | DDS_OP_TYPE_1BY, offsetof (Struct16, struct1),
  DDS_OP_ADR | DDS_OP_TYPE_1BY, offsetof (Struct16, struct2),
  DDS_OP_ADR | DDS_OP_TYPE_1BY, offsetof (Struct16, struct3),
  DDS_OP_ADR | DDS_OP_TYPE_1BY, offsetof (Struct16, struct4),
  DDS_OP_ADR | DDS_OP_TYPE_1BY, offsetof (Struct16, struct5),
  DDS_OP_ADR | DDS_OP_TYPE_1BY, offsetof (Struct16, struct6),
  DDS_OP_ADR | DDS_OP_TYPE_1BY, offsetof (Struct16, struct7),
  DDS_OP_ADR | DDS_OP_TYPE_1BY, offsetof (Struct16, struct8),
  DDS_OP_ADR | DDS_OP_TYPE_1BY, offsetof (Struct16, struct9),
  DDS_OP_ADR | DDS_OP_TYPE_1BY, offsetof (Struct16, structa),
  DDS_OP_ADR | DDS_OP_TYPE_1BY, offsetof (Struct16, structb),
  DDS_OP_ADR | DDS_OP_TYPE_1BY, offsetof (Struct16, structc),
  DDS_OP_ADR | DDS_OP_TYPE_1BY, offsetof (Struct16, structd),
  DDS_OP_ADR | DDS_OP_TYPE_1BY, offsetof (Struct16, structe),
  DDS_OP_ADR | DDS_OP_TYPE_1BY, offsetof (Struct16, structf),
  DDS_OP_ADR | DDS_OP_TYPE_8BY | DDS_OP_FLAG_SGN, offsetof (Struct16, junk),
  DDS_OP_ADR | DDS_OP_TYPE_4BY, offsetof (Struct16, seq),
  DDS_OP_ADR | DDS_OP_FLAG_KEY | DDS_OP_TYPE_4BY, offsetof (Struct16, keyval),
  DDS_OP_RTS,
  
  /* key: keyval */
  DDS_OP_KOF | 1, 52u /* order: 18 */
};

#if defined(_MSC_VER) && (_MSC_VER > 1943)
__pragma(warning(pop))
#endif
static const dds_key_descriptor_t Struct256_keys[1] =
{
  { "keyval", 94, 0 }
};

/* Type Information:
  [MINIMAL 76f5a78e818b3e289e64e58956f1] (#deps: 1)
   - [MINIMAL 0a648c867db7704d1dd3eb3ebfb0]
  [COMPLETE f284941ee68d7722c79d725d0256] (#deps: 1)
   - [COMPLETE d7c05711a344d7e57372f7ce6b0e]
*/
#define TYPE_INFO_CDR_Struct256 (const unsigned char []){ \
  0x90, 0x00, 0x00, 0x00, 0x01, 0x10, 0x00, 0x40, 0x40, 0x00, 0x00, 0x00, 0x3c, 0x00, 0x00, 0x00, \
  0x14, 0x00, 0x00, 0x00, 0xf1, 0x76, 0xf5, 0xa7, 0x8e, 0x81, 0x8b, 0x3e, 0x28, 0x9e, 0x64, 0xe5, \
  0x89, 0x56, 0xf1, 0x00, 0x47, 0x02, 0x00, 0x00, 0x01, 0x00, 0x00, 0x00, 0x1c, 0x00, 0x00, 0x00, \
  0x01, 0x00, 0x00, 0x00, 0x14, 0x00, 0x00, 0x00, 0xf1, 0x0a, 0x64, 0x8c, 0x86, 0x7d, 0xb7, 0x70, \
  0x4d, 0x1d, 0xd3, 0xeb, 0x3e, 0xbf, 0xb0, 0x00, 0x47, 0x01, 0x00, 0x00, 0x02, 0x10, 0x00, 0x40, \
  0x40, 0x00, 0x00, 0x00, 0x3c, 0x00, 0x00, 0x00, 0x14, 0x00, 0x00, 0x00, 0xf2, 0xf2, 0x84, 0x94, \
  0x1e, 0xe6, 0x8d, 0x77, 0x22, 0xc7, 0x9d, 0x72, 0x5d, 0x02, 0x56, 0x00, 0x31, 0x03, 0x00, 0x00, \
  0x01, 0x00, 0x00, 0x00, 0x1c, 0x00, 0x00, 0x00, 0x01, 0x00, 0x00, 0x00, 0x14, 0x00, 0x00, 0x00, \
  0xf2, 0xd7, 0xc0, 0x57, 0x11, 0xa3, 0x44, 0xd7, 0xe5, 0x73, 0x72, 0xf7, 0xce, 0x6b, 0x0e, 0x00, \
  0x31, 0x02, 0x00, 0x00\
}
#define TYPE_INFO_CDR_SZ_Struct256 148u
#define TYPE_MAP_CDR_Struct256 (const unsigned char []){ \
  0xb3, 0x03, 0x00, 0x00, 0x02, 0x00, 0x00, 0x00, 0xf1, 0x76, 0xf5, 0xa7, 0x8e, 0x81, 0x8b, 0x3e, \
  0x28, 0x9e, 0x64, 0xe5, 0x89, 0x56, 0xf1, 0x00, 0x43, 0x02, 0x00, 0x00, 0xf1, 0x51, 0x01, 0x00, \
  0x01, 0x00, 0x00, 0x00, 0x00, 0x00, 0x00, 0x00, 0x33, 0x02, 0x00, 0x00, 0x13, 0x00, 0x00, 0x00, \
  0x19, 0x00, 0x00, 0x00, 0x00, 0x00, 0x00, 0x00, 0x01, 0x00, 0xf1, 0x0a, 0x64, 0x8c, 0x86, 0x7d, \
  0xb7, 0x70, 0x4d, 0x1d, 0xd3, 0xeb, 0x3e, 0xbf, 0xb0, 0xc7, 0x67, 0x18, 0xc4, 0x00, 0x00, 0x00, \
  0x19, 0x00, 0x00, 0x00, 0x01, 0x00, 0x00, 0x00, 0x01, 0x00, 0xf1, 0x0a, 0x64, 0x8c, 0x86, 0x7d, \
  0xb7, 0x70, 0x4d, 0x1d, 0xd3, 0xeb, 0x3e, 0xbf, 0xb0, 0x9c, 0x94, 0x22, 0x60, 0x00, 0x00, 0x00, \
  0x19, 0x00, 0x00, 0x00, 0x02, 0x00, 0x00, 0x00, 0x01, 0x00, 0xf1, 0x0a, 0x64, 0x8c, 0x86, 0x7d, \
  0xb7, 0x70, 0x4d, 0x1d, 0xd3, 0xeb, 0x3e, 0xbf, 0xb0, 0xa2, 0xe4, 0x9e, 0x0d, 0x00, 0x00, 0x00, \
  0x19, 0x00, 0x00, 0x00, 0x03, 0x00, 0x00, 0x00, 0x01, 0x00, 0xf1, 0x0a, 0x64, 0x8c, 0x86, 0x7d, \
  0xb7, 0x70, 0x4d, 0x1d, 0xd3, 0xeb, 0x3e, 0xbf, 0xb0, 0x7e, 0x2f, 0x3c, 0x8f, 0x00, 0x00, 0x00, \
  0x19, 0x00, 0x00, 0x00, 0x04, 0x00, 0x00, 0x00, 0x01, 0x00, 0xf1, 0x0a, 0x64, 0x8c, 0x86, 0x7d, \
  0xb7, 0x70, 0x4d, 0x1d, 0xd3, 0xeb, 0x3e, 0xbf, 0xb0, 0xb1, 0xc2, 0xc8, 0xa0, 0x00, 0x00, 0x00, \
  0x19, 0x00, 0x00, 0x00, 0x05, 0x00, 0x00, 0x00, 0x01, 0x00, 0xf1, 0x0a, 0x64, 0x8c, 0x86, 0x7d, \
  0xb7, 0x70, 0x4d, 0x1d, 0xd3, 0xeb, 0x3e, 0xbf, 0xb0, 0x3f, 0x5e, 0x65, 0xa4, 0x00, 0x00, 0x00, \
  0x19, 0x00, 0x00, 0x00, 0x06, 0x00, 0x00, 0x00, 0x01, 0x00, 0xf1, 0x0a, 0x64, 0x8c, 0x86, 0x7d, \
  0xb7, 0x70, 0x4d, 0x1d, 0xd3, 0xeb, 0x3e, 0xbf, 0xb0, 0x2e, 0xdd, 0xa3, 0xc8, 0x00, 0x00, 0x00, \
  0x19, 0x00, 0x00, 0x00, 0x07, 0x00, 0x00, 0x00, 0x01, 0x00, 0xf1, 0x0a, 0x64, 0x8c, 0x86, 0x7d, \
  0xb7, 0x70, 0x4d, 0x1d, 0xd3, 0xeb, 0x3e, 0xbf, 0xb0, 0x1b, 0x95, 0x11, 0x64, 0x00, 0x00, 0x00, \
  0x19, 0x00, 0x00, 0x00, 0x08, 0x00, 0x00, 0x00, 0x01, 0x00, 0xf1, 0x0a, 0x64, 0x8c, 0x86, 0x7d, \
  0xb7, 0x70, 0x4d, 0x1d, 0xd3, 0xeb, 0x3e, 0xbf, 0xb0, 0x62, 0xf3, 0xb4, 0xe5, 0x00, 0x00, 0x00, \
  0x19, 0x00, 0x00, 0x00, 0x09, 0x00, 0x00, 0x00, 0x01, 0x00, 0xf1, 0x0a, 0x64, 0x8c, 0x86, 0x7d, \
  0xb7, 0x70, 0x4d, 0x1d, 0xd3, 0xeb, 0x3e, 0xbf, 0xb0, 0xf1, 0x61, 0xec, 0xe0, 0x00, 0x00, 0x00, \
  0x19, 0x00, 0x00, 0x00, 0x0a, 0x00, 0x00, 0x00, 0x01, 0x00, 0xf1, 0x0a, 0x64, 0x8c, 0x86, 0x7d, \
  0xb7, 0x70, 0x4d, 0x1d, 0xd3, 0xeb, 0x3e, 0xbf, 0xb0, 0x4d, 0x9a, 0xb1, 0xaf, 0x00, 0x00, 0x00, \
  0x19, 0x00, 0x00, 0x00, 0x0b, 0x00, 0x00, 0x00, 0x01, 0x00, 0xf1, 0x0a, 0x64, 0x8c, 0x86, 0x7d, \
  0xb7, 0x70, 0x4d, 0x1d, 0xd3, 0xeb, 0x3e, 0xbf, 0xb0, 0xac, 0x1f, 0xb2, 0xe6, 0x00, 0x00, 0x00, \
  0x19, 0x00, 0x00, 0x00, 0x0c, 0x00, 0x00, 0x00, 0x01, 0x00, 0xf1, 0x0a, 0x64, 0x8c, 0x86, 0x7d, \
  0xb7, 0x70, 0x4d, 0x1d, 0xd3, 0xeb, 0x3e, 0xbf, 0xb0, 0xe6, 0x3f, 0x3b, 0x0e, 0x00, 0x00, 0x00, \
  0x19, 0x00, 0x00, 0x00, 0x0d, 0x00, 0x00, 0x00, 0x01, 0x00, 0xf1, 0x0a, 0x64, 0x8c, 0x86, 0x7d, \
  0xb7, 0x70, 0x4d, 0x1d, 0xd3, 0xeb, 0x3e, 0xbf, 0xb0, 0xdd, 0x3a, 0x57, 0xfe, 0x00, 0x00, 0x00, \
  0x19, 0x00, 0x00, 0x00, 0x0e, 0x00, 0x00, 0x00, 0x01, 0x00, 0xf1, 0x0a, 0x64, 0x8c, 0x86, 0x7d, \
  0xb7, 0x70, 0x4d, 0x1d, 0xd3, 0xeb, 0x3e, 0xbf, 0xb0, 0x64, 0x7d, 0xd6, 0x62, 0x00, 0x00, 0x00, \
  0x19, 0x00, 0x00, 0x00, 0x0f, 0x00, 0x00, 0x00, 0x01, 0x00, 0xf1, 0x0a, 0x64, 0x8c, 0x86, 0x7d, \
  0xb7, 0x70, 0x4d, 0x1d, 0xd3, 0xeb, 0x3e, 0xbf, 0xb0, 0x77, 0x7a, 0x44, 0xef, 0x00, 0x00, 0x00, \
  0x0b, 0x00, 0x00, 0x00, 0x10, 0x00, 0x00, 0x00, 0x01, 0x00, 0x05, 0x0c, 0x82, 0x1f, 0x67, 0x00, \
  0x0b, 0x00, 0x00, 0x00, 0x11, 0x00, 0x00, 0x00, 0x01, 0x00, 0x07, 0xe0, 0x68, 0xc2, 0xde, 0x00, \
  0x0b, 0x00, 0x00, 0x00, 0x12, 0x00, 0x00, 0x00, 0x21, 0x00, 0x07, 0x46, 0x2e, 0x6d, 0xa1, 0xf1, \
  0x0a, 0x64, 0x8c, 0x86, 0x7d, 0xb7, 0x70, 0x4d, 0x1d, 0xd3, 0xeb, 0x3e, 0xbf, 0xb0, 0x00, 0x00, \
  0x43, 0x01, 0x00, 0x00, 0xf1, 0x51, 0x01, 0x00, 0x01, 0x00, 0x00, 0x00, 0x00, 0x00, 0x00, 0x00, \
  0x33, 0x01, 0x00, 0x00, 0x13, 0x00, 0x00, 0x00, 0x0b, 0x00, 0x00, 0x00, 0x00, 0x00, 0x00, 0x00, \
  0x01, 0x00, 0x02, 0xa8, 0x89, 0x52, 0x2d, 0x00, 0x0b, 0x00, 0x00, 0x00, 0x01, 0x00, 0x00, 0x00, \
  0x01, 0x00, 0x02, 0xb7, 0x8b, 0x0f, 0x01, 0x00, 0x0b, 0x00, 0x00, 0x00, 0x02, 0x00, 0x00, 0x00, \
  0x01, 0x00, 0x02, 0x96, 0xe7, 0x0c, 0xe1, 0x00, 0x0b, 0x00, 0x00, 0x00, 0x03, 0x00, 0x00, 0x00, \
  0x01, 0x00, 0x02, 0x23, 0xf3, 0xb2, 0x1f, 0x00, 0x0b, 0x00, 0x00, 0x00, 0x04, 0x00, 0x00, 0x00, \
  0x01, 0x00, 0x02, 0xc0, 0xf2, 0x65, 0x1f, 0x00, 0x0b, 0x00, 0x00, 0x00, 0x05, 0x00, 0x00, 0x00, \
  0x01, 0x00, 0x02, 0xf1, 0x69, 0x11, 0x8b, 0x00, 0x0b, 0x00, 0x00, 0x00, 0x06, 0x00, 0x00, 0x00, \
  0x01, 0x00, 0x02, 0x37, 0x75, 0xe2, 0x76, 0x00, 0x0b, 0x00, 0x00, 0x00, 0x07, 0x00, 0x00, 0x00, \
  0x01, 0x00, 0x02, 0xdb, 0xc3, 0x99, 0x9c, 0x00, 0x0b, 0x00, 0x00, 0x00, 0x08, 0x00, 0x00, 0x00, \
  0x01, 0x00, 0x02, 0x43, 0xc7, 0x17, 0x20, 0x00, 0x0b, 0x00, 0x00, 0x00, 0x09, 0x00, 0x00, 0x00, \
  0x01, 0x00, 0x02, 0xb1, 0x41, 0xce, 0x96, 0x00, 0x0b, 0x00, 0x00, 0x00, 0x0a, 0x00, 0x00, 0x00, \
  0x01, 0x00, 0x02, 0x8a, 0xd2, 0xcc, 0xb1, 0x00, 0x0b, 0x00, 0x00, 0x00, 0x0b, 0x00, 0x00, 0x00, \
  0x01, 0x00, 0x02, 0xd2, 0x35, 0xa8, 0x42, 0x00, 0x0b, 0x00, 0x00, 0x00, 0x0c, 0x00, 0x00, 0x00, \
  0x01, 0x00, 0x02, 0xa2, 0x1c, 0x56, 0x13, 0x00, 0x0b, 0x00, 0x00, 0x00, 0x0d, 0x00, 0x00, 0x00, \
  0x01, 0x00, 0x02, 0x98, 0x67, 0x5e, 0xe2, 0x00, 0x0b, 0x00, 0x00, 0x00, 0x0e, 0x00, 0x00, 0x00, \
  0x01, 0x00, 0x02, 0x30, 0x84, 0x4f, 0xfe, 0x00, 0x0b, 0x00, 0x00, 0x00, 0x0f, 0x00, 0x00, 0x00, \
  0x01, 0x00, 0x02, 0x19, 0x49, 0x9e, 0xa8, 0x00, 0x0b, 0x00, 0x00, 0x00, 0x10, 0x00, 0x00, 0x00, \
  0x01, 0x00, 0x05, 0x0c, 0x82, 0x1f, 0x67, 0x00, 0x0b, 0x00, 0x00, 0x00, 0x11, 0x00, 0x00, 0x00, \
  0x01, 0x00, 0x07, 0xe0, 0x68, 0xc2, 0xde, 0x00, 0x0b, 0x00, 0x00, 0x00, 0x12, 0x00, 0x00, 0x00, \
  0x21, 0x00, 0x07, 0x46, 0x2e, 0x6d, 0xa1, 0x00, 0x85, 0x05, 0x00, 0x00, 0x02, 0x00, 0x00, 0x00, \
  0xf2, 0xf2, 0x84, 0x94, 0x1e, 0xe6, 0x8d, 0x77, 0x22, 0xc7, 0x9d, 0x72, 0x5d, 0x02, 0x56, 0x00, \
  0x2d, 0x03, 0x00, 0x00, 0xf2, 0x51, 0x01, 0x00, 0x12, 0x00, 0x00, 0x00, 0x00, 0x00, 0x00, 0x00, \
  0x0a, 0x00, 0x00, 0x00, 0x53, 0x74, 0x72, 0x75, 0x63, 0x74, 0x32, 0x35, 0x36, 0x00, 0x00, 0x00, \
  0x0d, 0x03, 0x00, 0x00, 0x13, 0x00, 0x00, 0x00, 0x28, 0x00, 0x00, 0x00, 0x00, 0x00, 0x00, 0x00, \
  0x01, 0x00, 0xf2, 0xd7, 0xc0, 0x57, 0x11, 0xa3, 0x44, 0xd7, 0xe5, 0x73, 0x72, 0xf7, 0xce, 0x6b, \
  0x0e, 0x00, 0x00, 0x00, 0x0a, 0x00, 0x00, 0x00, 0x73, 0x74, 0x72, 0x75, 0x63, 0x74, 0x31, 0x36, \
  0x30, 0x00, 0x00, 0x00, 0x28, 0x00, 0x00, 0x00, 0x01, 0x00, 0x00, 0x00, 0x01, 0x00, 0xf2, 0xd7, \
  0xc0, 0x57, 0x11, 0xa3, 0x44, 0xd7, 0xe5, 0x73, 0x72, 0xf7, 0xce, 0x6b, 0x0e, 0x00, 0x00, 0x00, \
  0x0a, 0x00, 0x00, 0x00, 0x73, 0x74, 0x72, 0x75, 0x63, 0x74, 0x31, 0x36, 0x31, 0x00, 0x00, 0x00, \
  0x28, 0x00, 0x00, 0x00, 0x02, 0x00, 0x00, 0x00, 0x01, 0x00, 0xf2, 0xd7, 0xc0, 0x57, 0x11, 0xa3, \
  0x44, 0xd7, 0xe5, 0x73, 0x72, 0xf7, 0xce, 0x6b, 0x0e, 0x00, 0x00, 0x00, 0x0a, 0x00, 0x00, 0x00, \
  0x73, 0x74, 0x72, 0x75, 0x63, 0x74, 0x31, 0x36, 0x32, 0x00, 0x00, 0x00, 0x28, 0x00, 0x00, 0x00, \
  0x03, 0x00, 0x00, 0x00, 0x01, 0x00, 0xf2, 0xd7, 0xc0, 0x57, 0x11, 0xa3, 0x44, 0xd7, 0xe5, 0x73, \
  0x72, 0xf7, 0xce, 0x6b, 0x0e, 0x00, 0x00, 0x00, 0x0a, 0x00, 0x00, 0x00, 0x73, 0x74, 0x72, 0x75, \
  0x63, 0x74, 0x31, 0x36, 0x33, 0x00, 0x00, 0x00, 0x28, 0x00, 0x00, 0x00, 0x04, 0x00, 0x00, 0x00, \
  0x01, 0x00, 0xf2, 0xd7, 0xc0, 0x57, 0x11, 0xa3, 0x44, 0xd7, 0xe5, 0x73, 0x72, 0xf7, 0xce, 0x6b, \
  0x0e, 0x00, 0x00, 0x00, 0x0a, 0x00, 0x00, 0x00, 0x73, 0x74, 0x72, 0x75, 0x63, 0x74, 0x31, 0x36, \
  0x34, 0x00, 0x00, 0x00, 0x28, 0x00, 0x00, 0x00, 0x05, 0x00, 0x00, 0x00, 0x01, 0x00, 0xf2, 0xd7, \
  0xc0, 0x57, 0x11, 0xa3, 0x44, 0xd7, 0xe5, 0x73, 0x72, 0xf7, 0xce, 0x6b, 0x0e, 0x00, 0x00, 0x00, \
  0x0a, 0x00, 0x00, 0x00, 0x73, 0x74, 0x72, 0x75, 0x63, 0x74, 0x31, 0x36, 0x35, 0x00, 0x00, 0x00, \
  0x28, 0x00, 0x00, 0x00, 0x06, 0x00, 0x00, 0x00, 0x01, 0x00, 0xf2, 0xd7, 0xc0, 0x57, 0x11, 0xa3, \
  0x44, 0xd7, 0xe5, 0x73, 0x72, 0xf7, 0xce, 0x6b, 0x0e, 0x00, 0x00, 0x00, 0x0a, 0x00, 0x00, 0x00, \
  0x73, 0x74, 0x72, 0x75, 0x63, 0x74, 0x31, 0x36, 0x36, 0x00, 0x00, 0x00, 0x28, 0x00, 0x00, 0x00, \
  0x07, 0x00, 0x00, 0x00, 0x01, 0x00, 0xf2, 0xd7, 0xc0, 0x57, 0x11, 0xa3, 0x44, 0xd7, 0xe5, 0x73, \
  0x72, 0xf7, 0xce, 0x6b, 0x0e, 0x00, 0x00, 0x00, 0x0a, 0x00, 0x00, 0x00, 0x73, 0x74, 0x72, 0x75, \
  0x63, 0x74, 0x31, 0x36, 0x37, 0x00, 0x00, 0x00, 0x28, 0x00, 0x00, 0x00, 0x08, 0x00, 0x00, 0x00, \
  0x01, 0x00, 0xf2, 0xd7, 0xc0, 0x57, 0x11, 0xa3, 0x44, 0xd7, 0xe5, 0x73, 0x72, 0xf7, 0xce, 0x6b, \
  0x0e, 0x00, 0x00, 0x00, 0x0a, 0x00, 0x00, 0x00, 0x73, 0x74, 0x72, 0x75, 0x63, 0x74, 0x31, 0x36, \
  0x38, 0x00, 0x00, 0x00, 0x28, 0x00, 0x00, 0x00, 0x09, 0x00, 0x00, 0x00, 0x01, 0x00, 0xf2, 0xd7, \
  0xc0, 0x57, 0x11, 0xa3, 0x44, 0xd7, 0xe5, 0x73, 0x72, 0xf7, 0xce, 0x6b, 0x0e, 0x00, 0x00, 0x00, \
  0x0a, 0x00, 0x00, 0x00, 0x73, 0x74, 0x72, 0x75, 0x63, 0x74, 0x31, 0x36, 0x39, 0x00, 0x00, 0x00, \
  0x28, 0x00, 0x00, 0x00, 0x0a, 0x00, 0x00, 0x00, 0x01, 0x00, 0xf2, 0xd7, 0xc0, 0x57, 0x11, 0xa3, \
  0x44, 0xd7, 0xe5, 0x73, 0x72, 0xf7, 0xce, 0x6b, 0x0e, 0x00, 0x00, 0x00, 0x0a, 0x00, 0x00, 0x00, \
  0x73, 0x74, 0x72, 0x75, 0x63, 0x74, 0x31, 0x36, 0x61, 0x00, 0x00, 0x00, 0x28, 0x00, 0x00, 0x00, \
  0x0b, 0x00, 0x00, 0x00, 0x01, 0x00, 0xf2, 0xd7, 0xc0, 0x57, 0x11, 0xa3, 0x44, 0xd7, 0xe5, 0x73, \
  0x72, 0xf7, 0xce, 0x6b, 0x0e, 0x00, 0x00, 0x00, 0x0a, 0x00, 0x00, 0x00, 0x73, 0x74, 0x72, 0x75, \
  0x63, 0x74, 0x31, 0x36, 0x62, 0x00, 0x00, 0x00, 0x28, 0x00, 0x00, 0x00, 0x0c, 0x00, 0x00, 0x00, \
  0x01, 0x00, 0xf2, 0xd7, 0xc0, 0x57, 0x11, 0xa3, 0x44, 0xd7, 0xe5, 0x73, 0x72, 0xf7, 0xce, 0x6b, \
  0x0e, 0x00, 0x00, 0x00, 0x0a, 0x00, 0x00, 0x00, 0x73, 0x74, 0x72, 0x75, 0x63, 0x74, 0x31, 0x36, \
  0x63, 0x00, 0x00, 0x00, 0x28, 0x00, 0x00, 0x00, 0x0d, 0x00, 0x00, 0x00, 0x01, 0x00, 0xf2, 0xd7, \
  0xc0, 0x57, 0x11, 0xa3, 0x44, 0xd7, 0xe5, 0x73, 0x72, 0xf7, 0xce, 0x6b, 0x0e, 0x00, 0x00, 0x00, \
  0x0a, 0x00, 0x00, 0x00, 0x73, 0x74, 0x72, 0x75, 0x63, 0x74, 0x31, 0x36, 0x64, 0x00, 0x00, 0x00, \
  0x28, 0x00, 0x00, 0x00, 0x0e, 0x00, 0x00, 0x00, 0x01, 0x00, 0xf2, 0xd7, 0xc0, 0x57, 0x11, 0xa3, \
  0x44, 0xd7, 0xe5, 0x73, 0x72, 0xf7, 0xce, 0x6b, 0x0e, 0x00, 0x00, 0x00, 0x0a, 0x00, 0x00, 0x00, \
  0x73, 0x74, 0x72, 0x75, 0x63, 0x74, 0x31, 0x36, 0x65, 0x00, 0x00, 0x00, 0x28, 0x00, 0x00, 0x00, \
  0x0f, 0x00, 0x00, 0x00, 0x01, 0x00, 0xf2, 0xd7, 0xc0, 0x57, 0x11, 0xa3, 0x44, 0xd7, 0xe5, 0x73, \
  0x72, 0xf7, 0xce, 0x6b, 0x0e, 0x00, 0x00, 0x00, 0x0a, 0x00, 0x00, 0x00, 0x73, 0x74, 0x72, 0x75, \
  0x63, 0x74, 0x31, 0x36, 0x66, 0x00, 0x00, 0x00, 0x13, 0x00, 0x00, 0x00, 0x10, 0x00, 0x00, 0x00, \
  0x01, 0x00, 0x05, 0x00, 0x05, 0x00, 0x00, 0x00, 0x6a, 0x75, 0x6e, 0x6b, 0x00, 0x00, 0x00, 0x00, \
  0x12, 0x00, 0x00, 0x00, 0x11, 0x00, 0x00, 0x00, 0x01, 0x00, 0x07, 0x00, 0x04, 0x00, 0x00, 0x00, \
  0x73, 0x65, 0x71, 0x00, 0x00, 0x00, 0x00, 0x00, 0x15, 0x00, 0x00, 0x00, 0x12, 0x00, 0x00, 0x00, \
  0x21, 0x00, 0x07, 0x00, 0x07, 0x00, 0x00, 0x00, 0x6b, 0x65, 0x79, 0x76, 0x61, 0x6c, 0x00, 0x00, \
  0x00, 0xf2, 0xd7, 0xc0, 0x57, 0x11, 0xa3, 0x44, 0xd7, 0xe5, 0x73, 0x72, 0xf7, 0xce, 0x6b, 0x0e, \
  0x2d, 0x02, 0x00, 0x00, 0xf2, 0x51, 0x01, 0x00, 0x11, 0x00, 0x00, 0x00, 0x00, 0x00, 0x00, 0x00, \
  0x09, 0x00, 0x00, 0x00, 0x53, 0x74, 0x72, 0x75, 0x63, 0x74, 0x31, 0x36, 0x00, 0x00, 0x00, 0x00, \
  0x0d, 0x02, 0x00, 0x00, 0x13, 0x00, 0x00, 0x00, 0x16, 0x00, 0x00, 0x00, 0x00, 0x00, 0x00, 0x00, \
  0x01, 0x00, 0x02, 0x00, 0x08, 0x00, 0x00, 0x00, 0x73, 0x74, 0x72, 0x75, 0x63, 0x74, 0x30, 0x00, \
  0x00, 0x00, 0x00, 0x00, 0x16, 0x00, 0x00, 0x00, 0x01, 0x00, 0x00, 0x00, 0x01, 0x00, 0x02, 0x00, \
  0x08, 0x00, 0x00, 0x00, 0x73, 0x74, 0x72, 0x75, 0x63, 0x74, 0x31, 0x00, 0x00, 0x00, 0x00, 0x00, \
  0x16, 0x00, 0x00, 0x00, 0x02, 0x00, 0x00, 0x00, 0x01, 0x00, 0x02, 0x00, 0x08, 0x00, 0x00, 0x00, \
  0x73, 0x74, 0x72, 0x75, 0x63, 0x74, 0x32, 0x00, 0x00, 0x00, 0x00, 0x00, 0x16, 0x00, 0x00, 0x00, \
  0x03, 0x00, 0x00, 0x00, 0x01, 0x00, 0x02, 0x00, 0x08, 0x00, 0x00, 0x00, 0x73, 0x74, 0x72, 0x75, \
  0x63, 0x74, 0x33, 0x00, 0x00, 0x00, 0x00, 0x00, 0x16, 0x00, 0x00, 0x00, 0x04, 0x00, 0x00, 0x00, \
  0x01, 0x00, 0x02, 0x00, 0x08, 0x00, 0x00, 0x00, 0x73, 0x74, 0x72, 0x75, 0x63, 0x74, 0x34, 0x00, \
  0x00, 0x00, 0x00, 0x00, 0x16, 0x00, 0x00, 0x00, 0x05, 0x00, 0x00, 0x00, 0x01, 0x00, 0x02, 0x00, \
  0x08, 0x00, 0x00, 0x00, 0x73, 0x74, 0x72, 0x75, 0x63, 0x74, 0x35, 0x00, 0x00, 0x00, 0x00, 0x00, \
  0x16, 0x00, 0x00, 0x00, 0x06, 0x00, 0x00, 0x00, 0x01, 0x00, 0x02, 0x00, 0x08, 0x00, 0x00, 0x00, \
  0x73, 0x74, 0x72, 0x75, 0x63, 0x74, 0x36, 0x00, 0x00, 0x00, 0x00, 0x00, 0x16, 0x00, 0x00, 0x00, \
  0x07, 0x00, 0x00, 0x00, 0x01, 0x00, 0x02, 0x00, 0x08, 0x00, 0x00, 0x00, 0x73, 0x74, 0x72, 0x75, \
  0x63, 0x74, 0x37, 0x00, 0x00, 0x00, 0x00, 0x00, 0x16, 0x00, 0x00, 0x00, 0x08, 0x00, 0x00, 0x00, \
  0x01, 0x00, 0x02, 0x00, 0x08, 0x00, 0x00, 0x00, 0x73, 0x74, 0x72, 0x75, 0x63, 0x74, 0x38, 0x00, \
  0x00, 0x00, 0x00, 0x00, 0x16, 0x00, 0x00, 0x00, 0x09, 0x00, 0x00, 0x00, 0x01, 0x00, 0x02, 0x00, \
  0x08, 0x00, 0x00, 0x00, 0x73, 0x74, 0x72, 0x75, 0x63, 0x74, 0x39, 0x00, 0x00, 0x00, 0x00, 0x00, \
  0x16, 0x00, 0x00, 0x00, 0x0a, 0x00, 0x00, 0x00, 0x01, 0x00, 0x02, 0x00, 0x08, 0x00, 0x00, 0x00, \
  0x73, 0x74, 0x72, 0x75, 0x63, 0x74, 0x61, 0x00, 0x00, 0x00, 0x00, 0x00, 0x16, 0x00, 0x00, 0x00, \
  0x0b, 0x00, 0x00, 0x00, 0x01, 0x00, 0x02, 0x00, 0x08, 0x00, 0x00, 0x00, 0x73, 0x74, 0x72, 0x75, \
  0x63, 0x74, 0x62, 0x00, 0x00, 0x00, 0x00, 0x00, 0x16, 0x00, 0x00, 0x00, 0x0c, 0x00, 0x00, 0x00, \
  0x01, 0x00, 0x02, 0x00, 0x08, 0x00, 0x00, 0x00, 0x73, 0x74, 0x72, 0x75, 0x63, 0x74, 0x63, 0x00, \
  0x00, 0x00, 0x00, 0x00, 0x16, 0x00, 0x00, 0x00, 0x0d, 0x00, 0x00, 0x00, 0x01, 0x00, 0x02, 0x00, \
  0x08, 0x00, 0x00, 0x00, 0x73, 0x74, 0x72, 0x75, 0x63, 0x74, 0x64, 0x00, 0x00, 0x00, 0x00, 0x00, \
  0x16, 0x00, 0x00, 0x00, 0x0e, 0x00, 0x00, 0x00, 0x01, 0x00, 0x02, 0x00, 0x08, 0x00, 0x00, 0x00, \
  0x73, 0x74, 0x72, 0x75, 0x63, 0x74, 0x65, 0x00, 0x00, 0x00, 0x00, 0x00, 0x16, 0x00, 0x00, 0x00, \
  0x0f, 0x00, 0x00, 0x00, 0x01, 0x00, 0x02, 0x00, 0x08, 0x00, 0x00, 0x00, 0x73, 0x74, 0x72, 0x75, \
  0x63, 0x74, 0x66, 0x00, 0x00, 0x00, 0x00, 0x00, 0x13, 0x00, 0x00, 0x00, 0x10, 0x00, 0x00, 0x00, \
  0x01, 0x00, 0x05, 0x00, 0x05, 0x00, 0x00, 0x00, 0x6a, 0x75, 0x6e, 0x6b, 0x00, 0x00, 0x00, 0x00, \
  0x12, 0x00, 0x00, 0x00, 0x11, 0x00, 0x00, 0x00, 0x01, 0x00, 0x07, 0x00, 0x04, 0x00, 0x00, 0x00, \
  0x73, 0x65, 0x71, 0x00, 0x00, 0x00, 0x00, 0x00, 0x15, 0x00, 0x00, 0x00, 0x12, 0x00, 0x00, 0x00, \
  0x21, 0x00, 0x07, 0x00, 0x07, 0x00, 0x00, 0x00, 0x6b, 0x65, 0x79, 0x76, 0x61, 0x6c, 0x00, 0x00, \
  0x00, 0x00, 0x00, 0x00, 0x40, 0x00, 0x00, 0x00, 0x02, 0x00, 0x00, 0x00, 0xf2, 0xf2, 0x84, 0x94, \
  0x1e, 0xe6, 0x8d, 0x77, 0x22, 0xc7, 0x9d, 0x72, 0x5d, 0x02, 0x56, 0xf1, 0x76, 0xf5, 0xa7, 0x8e, \
  0x81, 0x8b, 0x3e, 0x28, 0x9e, 0x64, 0xe5, 0x89, 0x56, 0xf1, 0xf2, 0xd7, 0xc0, 0x57, 0x11, 0xa3, \
  0x44, 0xd7, 0xe5, 0x73, 0x72, 0xf7, 0xce, 0x6b, 0x0e, 0xf1, 0x0a, 0x64, 0x8c, 0x86, 0x7d, 0xb7, \
  0x70, 0x4d, 0x1d, 0xd3, 0xeb, 0x3e, 0xbf, 0xb0\
}
#define TYPE_MAP_CDR_SZ_Struct256 2440u
const dds_topic_descriptor_t Struct256_desc =
{
  .m_size = sizeof (Struct256),
  .m_align = dds_alignof (Struct256),
  .m_flagset = DDS_TOPIC_FIXED_SIZE | DDS_TOPIC_XTYPES_METADATA,
  .m_nkeys = 1u,
  .m_typename = "Struct256",
  .m_keys = Struct256_keys,
  .m_nops = sizeof (Struct256_ops) / sizeof (Struct256_ops[0]),
  .m_ops = Struct256_ops,
  .m_meta = "",
  .type_information = { .data = TYPE_INFO_CDR_Struct256, .sz = TYPE_INFO_CDR_SZ_Struct256 },
  .type_mapping = { .data = TYPE_MAP_CDR_Struct256, .sz = TYPE_MAP_CDR_SZ_Struct256 }
};

#if defined(_MSC_VER) && (_MSC_VER > 1943)
__pragma(warning(push))
__pragma(warning(disable: 5287))
#endif
static const uint32_t Struct4k_ops [] =
{
  /* Struct4k */
  DDS_OP_ADR | DDS_OP_TYPE_EXT, offsetof (Struct4k, struct2560), (3u << 16u) + 55u /* Struct256 */,
  DDS_OP_ADR | DDS_OP_TYPE_EXT, offsetof (Struct4k, struct2561), (3u << 16u) + 52u /* Struct256 */,
  DDS_OP_ADR | DDS_OP_TYPE_EXT, offsetof (Struct4k, struct2562), (3u << 16u) + 49u /* Struct256 */,
  DDS_OP_ADR | DDS_OP_TYPE_EXT, offsetof (Struct4k, struct2563), (3u << 16u) + 46u /* Struct256 */,
  DDS_OP_ADR | DDS_OP_TYPE_EXT, offsetof (Struct4k, struct2564), (3u << 16u) + 43u /* Struct256 */,
  DDS_OP_ADR | DDS_OP_TYPE_EXT, offsetof (Struct4k, struct2565), (3u << 16u) + 40u /* Struct256 */,
  DDS_OP_ADR | DDS_OP_TYPE_EXT, offsetof (Struct4k, struct2566), (3u << 16u) + 37u /* Struct256 */,
  DDS_OP_ADR | DDS_OP_TYPE_EXT, offsetof (Struct4k, struct2567), (3u << 16u) + 34u /* Struct256 */,
  DDS_OP_ADR | DDS_OP_TYPE_EXT, offsetof (Struct4k, struct2568), (3u << 16u) + 31u /* Struct256 */,
  DDS_OP_ADR | DDS_OP_TYPE_EXT, offsetof (Struct4k, struct2569), (3u << 16u) + 28u /* Struct256 */,
  DDS_OP_ADR | DDS_OP_TYPE_EXT, offsetof (Struct4k, struct256a), (3u << 16u) + 25u /* Struct256 */,
  DDS_OP_ADR | DDS_OP_TYPE_EXT, offsetof (Struct4k, struct256b), (3u << 16u) + 22u /* Struct256 */,
  DDS_OP_ADR | DDS_OP_TYPE_EXT, offsetof (Struct4k, struct256c), (3u << 16u) + 19u /* Struct256 */,
  DDS_OP_ADR | DDS_OP_TYPE_EXT, offsetof (Struct4k, struct256d), (3u << 16u) + 16u /* Struct256 */,
  DDS_OP_ADR | DDS_OP_TYPE_EXT, offsetof (Struct4k, struct256e), (3u << 16u) + 13u /* Struct256 */,
  DDS_OP_ADR | DDS_OP_TYPE_EXT, offsetof (Struct4k, struct256f), (3u << 16u) + 10u /* Struct256 */,
  DDS_OP_ADR | DDS_OP_TYPE_8BY | DDS_OP_FLAG_SGN, offsetof (Struct4k, junk),
  DDS_OP_ADR | DDS_OP_TYPE_4BY, offsetof (Struct4k, seq),
  DDS_OP_ADR | DDS_OP_FLAG_KEY | DDS_OP_TYPE_4BY, offsetof (Struct4k, keyval),
  DDS_OP_RTS,

  /* Struct256 */
  DDS_OP_ADR | DDS_OP_TYPE_EXT, offsetof (Struct256, struct160), (3u << 16u) + 55u /* Struct16 */,
  DDS_OP_ADR | DDS_OP_TYPE_EXT, offsetof (Struct256, struct161), (3u << 16u) + 52u /* Struct16 */,
  DDS_OP_ADR | DDS_OP_TYPE_EXT, offsetof (Struct256, struct162), (3u << 16u) + 49u /* Struct16 */,
  DDS_OP_ADR | DDS_OP_TYPE_EXT, offsetof (Struct256, struct163), (3u << 16u) + 46u /* Struct16 */,
  DDS_OP_ADR | DDS_OP_TYPE_EXT, offsetof (Struct256, struct164), (3u << 16u) + 43u /* Struct16 */,
  DDS_OP_ADR | DDS_OP_TYPE_EXT, offsetof (Struct256, struct165), (3u << 16u) + 40u /* Struct16 */,
  DDS_OP_ADR | DDS_OP_TYPE_EXT, offsetof (Struct256, struct166), (3u << 16u) + 37u /* Struct16 */,
  DDS_OP_ADR | DDS_OP_TYPE_EXT, offsetof (Struct256, struct167), (3u << 16u) + 34u /* Struct16 */,
  DDS_OP_ADR | DDS_OP_TYPE_EXT, offsetof (Struct256, struct168), (3u << 16u) + 31u /* Struct16 */,
  DDS_OP_ADR | DDS_OP_TYPE_EXT, offsetof (Struct256, struct169), (3u << 16u) + 28u /* Struct16 */,
  DDS_OP_ADR | DDS_OP_TYPE_EXT, offsetof (Struct256, struct16a), (3u << 16u) + 25u /* Struct16 */,
  DDS_OP_ADR | DDS_OP_TYPE_EXT, offsetof (Struct256, struct16b), (3u << 16u) + 22u /* Struct16 */,
  DDS_OP_ADR | DDS_OP_TYPE_EXT, offsetof (Struct256, struct16c), (3u << 16u) + 19u /* Struct16 */,
  DDS_OP_ADR | DDS_OP_TYPE_EXT, offsetof (Struct256, struct16d), (3u << 16u) + 16u /* Struct16 */,
  DDS_OP_ADR | DDS_OP_TYPE_EXT, offsetof (Struct256, struct16e), (3u << 16u) + 13u /* Struct16 */,
  DDS_OP_ADR | DDS_OP_TYPE_EXT, offsetof (Struct256, struct16f), (3u << 16u) + 10u /* Struct16 */,
  DDS_OP_ADR | DDS_OP_TYPE_8BY | DDS_OP_FLAG_SGN, offsetof (Struct256, junk),
  DDS_OP_ADR | DDS_OP_TYPE_4BY, offsetof (Struct256, seq),
  DDS_OP_ADR | DDS_OP_FLAG_KEY | DDS_OP_TYPE_4BY, offsetof (Struct256, keyval),
  DDS_OP_RTS,

  /* Struct16 */
  DDS_OP_ADR | DDS_OP_TYPE_1BY, offsetof (Struct16, struct0),
  DDS_OP_ADR | DDS_OP_TYPE_1BY, offsetof (Struct16, struct1),
  DDS_OP_ADR | DDS_OP_TYPE_1BY, offsetof (Struct16, struct2),
  DDS_OP_ADR | DDS_OP_TYPE_1BY, offsetof (Struct16, struct3),
  DDS_OP_ADR | DDS_OP_TYPE_1BY, offsetof (Struct16, struct4),
  DDS_OP_ADR | DDS_OP_TYPE_1BY, offsetof (Struct16, struct5),
  DDS_OP_ADR | DDS_OP_TYPE_1BY, offsetof (Struct16, struct6),
  DDS_OP_ADR | DDS_OP_TYPE_1BY, offsetof (Struct16, struct7),
  DDS_OP_ADR | DDS_OP_TYPE_1BY, offsetof (Struct16, struct8),
  DDS_OP_ADR | DDS_OP_TYPE_1BY, offsetof (Struct16, struct9),
  DDS_OP_ADR | DDS_OP_TYPE_1BY, offsetof (Struct16, structa),
  DDS_OP_ADR | DDS_OP_TYPE_1BY, offsetof (Struct16, structb),
  DDS_OP_ADR | DDS_OP_TYPE_1BY, offsetof (Struct16, structc),
  DDS_OP_ADR | DDS_OP_TYPE_1BY, offsetof (Struct16, structd),
  DDS_OP_ADR | DDS_OP_TYPE_1BY, offsetof (Struct16, structe),
  DDS_OP_ADR | DDS_OP_TYPE_1BY, offsetof (Struct16, structf),
  DDS_OP_ADR | DDS_OP_TYPE_8BY | DDS_OP_FLAG_SGN, offsetof (Struct16, junk),
  DDS_OP_ADR | DDS_OP_TYPE_4BY, offsetof (Struct16, seq),
  DDS_OP_ADR | DDS_OP_FLAG_KEY | DDS_OP_TYPE_4BY, offsetof (Struct16, keyval),
  DDS_OP_RTS,
  
  /* key: keyval */
  DDS_OP_KOF | 1, 52u /* order: 18 */
};

#if defined(_MSC_VER) && (_MSC_VER > 1943)
__pragma(warning(pop))
#endif
static const dds_key_descriptor_t Struct4k_keys[1] =
{
  { "keyval", 149, 0 }
};

/* Type Information:
  [MINIMAL 56f2679e27a2ec0bd3784a6c70a8] (#deps: 2)
   - [MINIMAL 76f5a78e818b3e289e64e58956f1]
   - [MINIMAL 0a648c867db7704d1dd3eb3ebfb0]
  [COMPLETE 1b90bbb8be3a76e127b14d3ac0e5] (#deps: 2)
   - [COMPLETE f284941ee68d7722c79d725d0256]
   - [COMPLETE d7c05711a344d7e57372f7ce6b0e]
*/
#define TYPE_INFO_CDR_Struct4k (const unsigned char []){ \
  0xc0, 0x00, 0x00, 0x00, 0x01, 0x10, 0x00, 0x40, 0x58, 0x00, 0x00, 0x00, 0x54, 0x00, 0x00, 0x00, \
  0x14, 0x00, 0x00, 0x00, 0xf1, 0x56, 0xf2, 0x67, 0x9e, 0x27, 0xa2, 0xec, 0x0b, 0xd3, 0x78, 0x4a, \
  0x6c, 0x70, 0xa8, 0x00, 0x47, 0x02, 0x00, 0x00, 0x02, 0x00, 0x00, 0x00, 0x34, 0x00, 0x00, 0x00, \
  0x02, 0x00, 0x00, 0x00, 0x14, 0x00, 0x00, 0x00, 0xf1, 0x76, 0xf5, 0xa7, 0x8e, 0x81, 0x8b, 0x3e, \
  0x28, 0x9e, 0x64, 0xe5, 0x89, 0x56, 0xf1, 0x00, 0x47, 0x02, 0x00, 0x00, 0x14, 0x00, 0x00, 0x00, \
  0xf1, 0x0a, 0x64, 0x8c, 0x86, 0x7d, 0xb7, 0x70, 0x4d, 0x1d, 0xd3, 0xeb, 0x3e, 0xbf, 0xb0, 0x00, \
  0x47, 0x01, 0x00, 0x00, 0x02, 0x10, 0x00, 0x40, 0x58, 0x00, 0x00, 0x00, 0x54, 0x00, 0x00, 0x00, \
  0x14, 0x00, 0x00, 0x00, 0xf2, 0x1b, 0x90, 0xbb, 0xb8, 0xbe, 0x3a, 0x76, 0xe1, 0x27, 0xb1, 0x4d, \
  0x3a, 0xc0, 0xe5, 0x00, 0x71, 0x03, 0x00, 0x00, 0x02, 0x00, 0x00, 0x00, 0x34, 0x00, 0x00, 0x00, \
  0x02, 0x00, 0x00, 0x00, 0x14, 0x00, 0x00, 0x00, 0xf2, 0xf2, 0x84, 0x94, 0x1e, 0xe6, 0x8d, 0x77, \
  0x22, 0xc7, 0x9d, 0x72, 0x5d, 0x02, 0x56, 0x00, 0x31, 0x03, 0x00, 0x00, 0x14, 0x00, 0x00, 0x00, \
  0xf2, 0xd7, 0xc0, 0x57, 0x11, 0xa3, 0x44, 0xd7, 0xe5, 0x73, 0x72, 0xf7, 0xce, 0x6b, 0x0e, 0x00, \
  0x31, 0x02, 0x00, 0x00\
}
#define TYPE_INFO_CDR_SZ_Struct4k 196u
#define TYPE_MAP_CDR_Struct4k (const unsigned char []){ \
  0x0b, 0x06, 0x00, 0x00, 0x03, 0x00, 0x00, 0x00, 0xf1, 0x56, 0xf2, 0x67, 0x9e, 0x27, 0xa2, 0xec, \
  0x0b, 0xd3, 0x78, 0x4a, 0x6c, 0x70, 0xa8, 0x00, 0x43, 0x02, 0x00, 0x00, 0xf1, 0x51, 0x01, 0x00, \
  0x01, 0x00, 0x00, 0x00, 0x00, 0x00, 0x00, 0x00, 0x33, 0x02, 0x00, 0x00, 0x13, 0x00, 0x00, 0x00, \
  0x19, 0x00, 0x00, 0x00, 0x00, 0x00, 0x00, 0x00, 0x01, 0x00, 0xf1, 0x76, 0xf5, 0xa7, 0x8e, 0x81, \
  0x8b, 0x3e, 0x28, 0x9e, 0x64, 0xe5, 0x89, 0x56, 0xf1, 0xc4, 0x1e, 0x19, 0x9a, 0x00, 0x00, 0x00, \
  0x19, 0x00, 0x00, 0x00, 0x01, 0x00, 0x00, 0x00, 0x01, 0x00, 0xf1, 0x76, 0xf5, 0xa7, 0x8e, 0x81, \
  0x8b, 0x3e, 0x28, 0x9e, 0x64, 0xe5, 0x89, 0x56, 0xf1, 0x3d, 0x09, 0x5c, 0x22, 0x00, 0x00, 0x00, \
  0x19, 0x00, 0x00, 0x00, 0x02, 0x00, 0x00, 0x00, 0x01, 0x00, 0xf1, 0x76, 0xf5, 0xa7, 0x8e, 0x81, \
  0x8b, 0x3e, 0x28, 0x9e, 0x64, 0xe5, 0x89, 0x56, 0xf1, 0x66, 0xf0, 0x4d, 0x37, 0x00, 0x00, 0x00, \
  0x19, 0x00, 0x00, 0x00, 0x03, 0x00, 0x00, 0x00, 0x01, 0x00, 0xf1, 0x76, 0xf5, 0xa7, 0x8e, 0x81, \
  0x8b, 0x3e, 0x28, 0x9e, 0x64, 0xe5, 0x89, 0x56, 0xf1, 0x63, 0xb1, 0x8d, 0x4f, 0x00, 0x00, 0x00, \
  0x19, 0x00, 0x00, 0x00, 0x04, 0x00, 0x00, 0x00, 0x01, 0x00, 0xf1, 0x76, 0xf5, 0xa7, 0x8e, 0x81, \
  0x8b, 0x3e, 0x28, 0x9e, 0x64, 0xe5, 0x89, 0x56, 0xf1, 0x1b, 0x24, 0x60, 0x21, 0x00, 0x00, 0x00, \
  0x19, 0x00, 0x00, 0x00, 0x05, 0x00, 0x00, 0x00, 0x01, 0x00, 0xf1, 0x76, 0xf5, 0xa7, 0x8e, 0x81, \
  0x8b, 0x3e, 0x28, 0x9e, 0x64, 0xe5, 0x89, 0x56, 0xf1, 0xc7, 0x4d, 0x89, 0x5c, 0x00, 0x00, 0x00, \
  0x19, 0x00, 0x00, 0x00, 0x06, 0x00, 0x00, 0x00, 0x01, 0x00, 0xf1, 0x76, 0xf5, 0xa7, 0x8e, 0x81, \
  0x8b, 0x3e, 0x28, 0x9e, 0x64, 0xe5, 0x89, 0x56, 0xf1, 0x7f, 0x29, 0xd2, 0x89, 0x00, 0x00, 0x00, \
  0x19, 0x00, 0x00, 0x00, 0x07, 0x00, 0x00, 0x00, 0x01, 0x00, 0xf1, 0x76, 0xf5, 0xa7, 0x8e, 0x81, \
  0x8b, 0x3e, 0x28, 0x9e, 0x64, 0xe5, 0x89, 0x56, 0xf1, 0xb1, 0x67, 0x21, 0xec, 0x00, 0x00, 0x00, \
  0x19, 0x00, 0x00, 0x00, 0x08, 0x00, 0x00, 0x00, 0x01, 0x00, 0xf1, 0x76, 0xf5, 0xa7, 0x8e, 0x81, \
  0x8b, 0x3e, 0x28, 0x9e, 0x64, 0xe5, 0x89, 0x56, 0xf1, 0x86, 0xa0, 0xd2, 0x1b, 0x00, 0x00, 0x00, \
  0x19, 0x00, 0x00, 0x00, 0x09, 0x00, 0x00, 0x00, 0x01, 0x00, 0xf1, 0x76, 0xf5, 0xa7, 0x8e, 0x81, \
  0x8b, 0x3e, 0x28, 0x9e, 0x64, 0xe5, 0x89, 0x56, 0xf1, 0xd7, 0xcb, 0x0c, 0x74, 0x00, 0x00, 0x00, \
  0x19, 0x00, 0x00, 0x00, 0x0a, 0x00, 0x00, 0x00, 0x01, 0x00, 0xf1, 0x76, 0xf5, 0xa7, 0x8e, 0x81, \
  0x8b, 0x3e, 0x28, 0x9e, 0x64, 0xe5, 0x89, 0x56, 0xf1, 0x58, 0x5a, 0x1b, 0xef, 0x00, 0x00, 0x00, \
  0x19, 0x00, 0x00, 0x00, 0x0b, 0x00, 0x00, 0x00, 0x01, 0x00, 0xf1, 0x76, 0xf5, 0xa7, 0x8e, 0x81, \
  0x8b, 0x3e, 0x28, 0x9e, 0x64, 0xe5, 0x89, 0x56, 0xf1, 0x9d, 0x54, 0x6a, 0x62, 0x00, 0x00, 0x00, \
  0x19, 0x00, 0x00, 0x00, 0x0c, 0x00, 0x00, 0x00, 0x01, 0x00, 0xf1, 0x76, 0xf5, 0xa7, 0x8e, 0x81, \
  0x8b, 0x3e, 0x28, 0x9e, 0x64, 0xe5, 0x89, 0x56, 0xf1, 0x94, 0x97, 0x7d, 0xb4, 0x00, 0x00, 0x00, \
  0x19, 0x00, 0x00, 0x00, 0x0d, 0x00, 0x00, 0x00, 0x01, 0x00, 0xf1, 0x76, 0xf5, 0xa7, 0x8e, 0x81, \
  0x8b, 0x3e, 0x28, 0x9e, 0x64, 0xe5, 0x89, 0x56, 0xf1, 0x64, 0x5d, 0xe3, 0xfe, 0x00, 0x00, 0x00, \
  0x19, 0x00, 0x00, 0x00, 0x0e, 0x00, 0x00, 0x00, 0x01, 0x00, 0xf1, 0x76, 0xf5, 0xa7, 0x8e, 0x81, \
  0x8b, 0x3e, 0x28, 0x9e, 0x64, 0xe5, 0x89, 0x56, 0xf1, 0x07, 0xb4, 0x00, 0x1b, 0x00, 0x00, 0x00, \
  0x19, 0x00, 0x00, 0x00, 0x0f, 0x00, 0x00, 0x00, 0x01, 0x00, 0xf1, 0x76, 0xf5, 0xa7, 0x8e, 0x81, \
  0x8b, 0x3e, 0x28, 0x9e, 0x64, 0xe5, 0x89, 0x56, 0xf1, 0x17, 0xa5, 0x7f, 0xab, 0x00, 0x00, 0x00, \
  0x0b, 0x00, 0x00, 0x00, 0x10, 0x00, 0x00, 0x00, 0x01, 0x00, 0x05, 0x0c, 0x82, 0x1f, 0x67, 0x00, \
  0x0b, 0x00, 0x00, 0x00, 0x11, 0x00, 0x00, 0x00, 0x01, 0x00, 0x07, 0xe0, 0x68, 0xc2, 0xde, 0x00, \
  0x0b, 0x00, 0x00, 0x00, 0x12, 0x00, 0x00, 0x00, 0x21, 0x00, 0x07, 0x46, 0x2e, 0x6d, 0xa1, 0xf1, \
  0x76, 0xf5, 0xa7, 0x8e, 0x81, 0x8b, 0x3e, 0x28, 0x9e, 0x64, 0xe5, 0x89, 0x56, 0xf1, 0x00, 0x00, \
  0x43, 0x02, 0x00, 0x00, 0xf1, 0x51, 0x01, 0x00, 0x01, 0x00, 0x00, 0x00, 0x00, 0x00, 0x00, 0x00, \
  0x33, 0x02, 0x00, 0x00, 0x13, 0x00, 0x00, 0x00, 0x19, 0x00, 0x00, 0x00, 0x00, 0x00, 0x00, 0x00, \
  0x01, 0x00, 0xf1, 0x0a, 0x64, 0x8c, 0x86, 0x7d, 0xb7, 0x70, 0x4d, 0x1d, 0xd3, 0xeb, 0x3e, 0xbf, \
  0xb0, 0xc7, 0x67, 0x18, 0xc4, 0x00, 0x00, 0x00, 0x19, 0x00, 0x00, 0x00, 0x01, 0x00, 0x00, 0x00, \
  0x01, 0x00, 0xf1, 0x0a, 0x64, 0x8c, 0x86, 0x7d, 0xb7, 0x70, 0x4d, 0x1d, 0xd3, 0xeb, 0x3e, 0xbf, \
  0xb0, 0x9c, 0x94, 0x22, 0x60, 0x00, 0x00, 0x00, 0x19, 0x00, 0x00, 0x00, 0x02, 0x00, 0x00, 0x00, \
  0x01, 0x00, 0xf1, 0x0a, 0x64, 0x8c, 0x86, 0x7d, 0xb7, 0x70, 0x4d, 0x1d, 0xd3, 0xeb, 0x3e, 0xbf, \
  0xb0, 0xa2, 0xe4, 0x9e, 0x0d, 0x00, 0x00, 0x00, 0x19, 0x00, 0x00, 0x00, 0x03, 0x00, 0x00, 0x00, \
  0x01, 0x00, 0xf1, 0x0a, 0x64, 0x8c, 0x86, 0x7d, 0xb7, 0x70, 0x4d, 0x1d, 0xd3, 0xeb, 0x3e, 0xbf, \
  0xb0, 0x7e, 0x2f, 0x3c, 0x8f, 0x00, 0x00, 0x00, 0x19, 0x00, 0x00, 0x00, 0x04, 0x00, 0x00, 0x00, \
  0x01, 0x00, 0xf1, 0x0a, 0x64, 0x8c, 0x86, 0x7d, 0xb7, 0x70, 0x4d, 0x1d, 0xd3, 0xeb, 0x3e, 0xbf, \
  0xb0, 0xb1, 0xc2, 0xc8, 0xa0, 0x00, 0x00, 0x00, 0x19, 0x00, 0x00, 0x00, 0x05, 0x00, 0x00, 0x00, \
  0x01, 0x00, 0xf1, 0x0a, 0x64, 0x8c, 0x86, 0x7d, 0xb7, 0x70, 0x4d, 0x1d, 0xd3, 0xeb, 0x3e, 0xbf, \
  0xb0, 0x3f, 0x5e, 0x65, 0xa4, 0x00, 0x00, 0x00, 0x19, 0x00, 0x00, 0x00, 0x06, 0x00, 0x00, 0x00, \
  0x01, 0x00, 0xf1, 0x0a, 0x64, 0x8c, 0x86, 0x7d, 0xb7, 0x70, 0x4d, 0x1d, 0xd3, 0xeb, 0x3e, 0xbf, \
  0xb0, 0x2e, 0xdd, 0xa3, 0xc8, 0x00, 0x00, 0x00, 0x19, 0x00, 0x00, 0x00, 0x07, 0x00, 0x00, 0x00, \
  0x01, 0x00, 0xf1, 0x0a, 0x64, 0x8c, 0x86, 0x7d, 0xb7, 0x70, 0x4d, 0x1d, 0xd3, 0xeb, 0x3e, 0xbf, \
  0xb0, 0x1b, 0x95, 0x11, 0x64, 0x00, 0x00, 0x00, 0x19, 0x00, 0x00, 0x00, 0x08, 0x00, 0x00, 0x00, \
  0x01, 0x00, 0xf1, 0x0a, 0x64, 0x8c, 0x86, 0x7d, 0xb7, 0x70, 0x4d, 0x1d, 0xd3, 0xeb, 0x3e, 0xbf, \
  0xb0, 0x62, 0xf3, 0xb4, 0xe5, 0x00, 0x00, 0x00, 0x19, 0x00, 0x00, 0x00, 0x09, 0x00, 0x00, 0x00, \
  0x01, 0x00, 0xf1, 0x0a, 0x64, 0x8c, 0x86, 0x7d, 0xb7, 0x70, 0x4d, 0x1d, 0xd3, 0xeb, 0x3e, 0xbf, \
  0xb0, 0xf1, 0x61, 0xec, 0xe0, 0x00, 0x00, 0x00, 0x19, 0x00, 0x00, 0x00, 0x0a, 0x00, 0x00, 0x00, \
  0x01, 0x00, 0xf1, 0x0a, 0x64, 0x8c, 0x86, 0x7d, 0xb7, 0x70, 0x4d, 0x1d, 0xd3, 0xeb, 0x3e, 0xbf, \
  0xb0, 0x4d, 0x9a, 0xb1, 0xaf, 0x00, 0x00, 0x00, 0x19, 0x00, 0x00, 0x00, 0x0b, 0x00, 0x00, 0x00, \
  0x01, 0x00, 0xf1, 0x0a, 0x64, 0x8c, 0x86, 0x7d, 0xb7, 0x70, 0x4d, 0x1d, 0xd3, 0xeb, 0x3e, 0xbf, \
  0xb0, 0xac, 0x1f, 0xb2, 0xe6, 0x00, 0x00, 0x00, 0x19, 0x00, 0x00, 0x00, 0x0c, 0x00, 0x00, 0x00, \
  0x01, 0x00, 0xf1, 0x0a, 0x64, 0x8c, 0x86, 0x7d, 0xb7, 0x70, 0x4d, 0x1d, 0xd3, 0xeb, 0x3e, 0xbf, \
  0xb0, 0xe6, 0x3f, 0x3b, 0x0e, 0x00, 0x00, 0x00, 0x19, 0x00, 0x00, 0x00, 0x0d, 0x00, 0x00, 0x00, \
  0x01, 0x00, 0xf1, 0x0a, 0x64, 0x8c, 0x86, 0x7d, 0xb7, 0x70, 0x4d, 0x1d, 0xd3, 0xeb, 0x3e, 0xbf, \
  0xb0, 0xdd, 0x3a, 0x57, 0xfe, 0x00, 0x00, 0x00, 0x19, 0x00, 0x00, 0x00, 0x0e, 0x00, 0x00, 0x00, \
  0x01, 0x00, 0xf1, 0x0a, 0x64, 0x8c, 0x86, 0x7d, 0xb7, 0x70, 0x4d, 0x1d, 0xd3, 0xeb, 0x3e, 0xbf, \
  0xb0, 0x64, 0x7d, 0xd6, 0x62, 0x00, 0x00, 0x00, 0x19, 0x00, 0x00, 0x00, 0x0f, 0x00, 0x00, 0x00, \
  0x01, 0x00, 0xf1, 0x0a, 0x64, 0x8c, 0x86, 0x7d, 0xb7, 0x70, 0x4d, 0x1d, 0xd3, 0xeb, 0x3e, 0xbf, \
  0xb0, 0x77, 0x7a, 0x44, 0xef, 0x00, 0x00, 0x00, 0x0b, 0x00, 0x00, 0x00, 0x10, 0x00, 0x00, 0x00, \
  0x01, 0x00, 0x05, 0x0c, 0x82, 0x1f, 0x67, 0x00, 0x0b, 0x00, 0x00, 0x00, 0x11, 0x00, 0x00, 0x00, \
  0x01, 0x00, 0x07, 0xe0, 0x68, 0xc2, 0xde, 0x00, 0x0b, 0x00, 0x00, 0x00, 0x12, 0x00, 0x00, 0x00, \
  0x21, 0x00, 0x07, 0x46, 0x2e, 0x6d, 0xa1, 0xf1, 0x0a, 0x64, 0x8c, 0x86, 0x7d, 0xb7, 0x70, 0x4d, \
  0x1d, 0xd3, 0xeb, 0x3e, 0xbf, 0xb0, 0x00, 0x00, 0x43, 0x01, 0x00, 0x00, 0xf1, 0x51, 0x01, 0x00, \
  0x01, 0x00, 0x00, 0x00, 0x00, 0x00, 0x00, 0x00, 0x33, 0x01, 0x00, 0x00, 0x13, 0x00, 0x00, 0x00, \
  0x0b, 0x00, 0x00, 0x00, 0x00, 0x00, 0x00, 0x00, 0x01, 0x00, 0x02, 0xa8, 0x89, 0x52, 0x2d, 0x00, \
  0x0b, 0x00, 0x00, 0x00, 0x01, 0x00, 0x00, 0x00, 0x01, 0x00, 0x02, 0xb7, 0x8b, 0x0f, 0x01, 0x00, \
  0x0b, 0x00, 0x00, 0x00, 0x02, 0x00, 0x00, 0x00, 0x01, 0x00, 0x02, 0x96, 0xe7, 0x0c, 0xe1, 0x00, \
  0x0b, 0x00, 0x00, 0x00, 0x03, 0x00, 0x00, 0x00, 0x01, 0x00, 0x02, 0x23, 0xf3, 0xb2, 0x1f, 0x00, \
  0x0b, 0x00, 0x00, 0x00, 0x04, 0x00, 0x00, 0x00, 0x01, 0x00, 0x02, 0xc0, 0xf2, 0x65, 0x1f, 0x00, \
  0x0b, 0x00, 0x00, 0x00, 0x05, 0x00, 0x00, 0x00, 0x01, 0x00, 0x02, 0xf1, 0x69, 0x11, 0x8b, 0x00, \
  0x0b, 0x00, 0x00, 0x00, 0x06, 0x00, 0x00, 0x00, 0x01, 0x00, 0x02, 0x37, 0x75, 0xe2, 0x76, 0x00, \
  0x0b, 0x00, 0x00, 0x00, 0x07, 0x00, 0x00, 0x00, 0x01, 0x00, 0x02, 0xdb, 0xc3, 0x99, 0x9c, 0x00, \
  0x0b, 0x00, 0x00, 0x00, 0x08, 0x00, 0x00, 0x00, 0x01, 0x00, 0x02, 0x43, 0xc7, 0x17, 0x20, 0x00, \
  0x0b, 0x00, 0x00, 0x00, 0x09, 0x00, 0x00, 0x00, 0x01, 0x00, 0x02, 0xb1, 0x41, 0xce, 0x96, 0x00, \
  0x0b, 0x00, 0x00, 0x00, 0x0a, 0x00, 0x00, 0x00, 0x01, 0x00, 0x02, 0x8a, 0xd2, 0xcc, 0xb1, 0x00, \
  0x0b, 0x00, 0x00, 0x00, 0x0b, 0x00, 0x00, 0x00, 0x01, 0x00, 0x02, 0xd2, 0x35, 0xa8, 0x42, 0x00, \
  0x0b, 0x00, 0x00, 0x00, 0x0c, 0x00, 0x00, 0x00, 0x01, 0x00, 0x02, 0xa2, 0x1c, 0x56, 0x13, 0x00, \
  0x0b, 0x00, 0x00, 0x00, 0x0d, 0x00, 0x00, 0x00, 0x01, 0x00, 0x02, 0x98, 0x67, 0x5e, 0xe2, 0x00, \
  0x0b, 0x00, 0x00, 0x00, 0x0e, 0x00, 0x00, 0x00, 0x01, 0x00, 0x02, 0x30, 0x84, 0x4f, 0xfe, 0x00, \
  0x0b, 0x00, 0x00, 0x00, 0x0f, 0x00, 0x00, 0x00, 0x01, 0x00, 0x02, 0x19, 0x49, 0x9e, 0xa8, 0x00, \
  0x0b, 0x00, 0x00, 0x00, 0x10, 0x00, 0x00, 0x00, 0x01, 0x00, 0x05, 0x0c, 0x82, 0x1f, 0x67, 0x00, \
  0x0b, 0x00, 0x00, 0x00, 0x11, 0x00, 0x00, 0x00, 0x01, 0x00, 0x07, 0xe0, 0x68, 0xc2, 0xde, 0x00, \
  0x0b, 0x00, 0x00, 0x00, 0x12, 0x00, 0x00, 0x00, 0x21, 0x00, 0x07, 0x46, 0x2e, 0x6d, 0xa1, 0x00, \
  0x05, 0x09, 0x00, 0x00, 0x03, 0x00, 0x00, 0x00, 0xf2, 0x1b, 0x90, 0xbb, 0xb8, 0xbe, 0x3a, 0x76, \
  0xe1, 0x27, 0xb1, 0x4d, 0x3a, 0xc0, 0xe5, 0x00, 0x6d, 0x03, 0x00, 0x00, 0xf2, 0x51, 0x01, 0x00, \
  0x11, 0x00, 0x00, 0x00, 0x00, 0x00, 0x00, 0x00, 0x09, 0x00, 0x00, 0x00, 0x53, 0x74, 0x72, 0x75, \
  0x63, 0x74, 0x34, 0x6b, 0x00, 0x00, 0x00, 0x00, 0x4d, 0x03, 0x00, 0x00, 0x13, 0x00, 0x00, 0x00, \
  0x29, 0x00, 0x00, 0x00, 0x00, 0x00, 0x00, 0x00, 0x01, 0x00, 0xf2, 0xf2, 0x84, 0x94, 0x1e, 0xe6, \
  0x8d, 0x77, 0x22, 0xc7, 0x9d, 0x72, 0x5d, 0x02, 0x56, 0x00, 0x00, 0x00, 0x0b, 0x00, 0x00, 0x00, \
  0x73, 0x74, 0x72, 0x75, 0x63, 0x74, 0x32, 0x35, 0x36, 0x30, 0x00, 0x00, 0x00, 0x00, 0x00, 0x00, \
  0x29, 0x00, 0x00, 0x00, 0x01, 0x00, 0x00, 0x00, 0x01, 0x00, 0xf2, 0xf2, 0x84, 0x94, 0x1e, 0xe6, \
  0x8d, 0x77, 0x22, 0xc7, 0x9d, 0x72, 0x5d, 0x02, 0x56, 0x00, 0x00, 0x00, 0x0b, 0x00, 0x00, 0x00, \
  0x73, 0x74, 0x72, 0x75, 0x63, 0x74, 0x32, 0x35, 0x36, 0x31, 0x00, 0x00, 0x00, 0x00, 0x00, 0x00, \
  0x29, 0x00, 0x00, 0x00, 0x02, 0x00, 0x00, 0x00, 0x01, 0x00, 0xf2, 0xf2, 0x84, 0x94, 0x1e, 0xe6, \
  0x8d, 0x77, 0x22, 0xc7, 0x9d, 0x72, 0x5d, 0x02, 0x56, 0x00, 0x00, 0x00, 0x0b, 0x00, 0x00, 0x00, \
  0x73, 0x74, 0x72, 0x75, 0x63, 0x74, 0x32, 0x35, 0x36, 0x32, 0x00, 0x00, 0x00, 0x00, 0x00, 0x00, \
  0x29, 0x00, 0x00, 0x00, 0x03, 0x00, 0x00, 0x00, 0x01, 0x00, 0xf2, 0xf2, 0x84, 0x94, 0x1e, 0xe6, \
  0x8d, 0x77, 0x22, 0xc7, 0x9d, 0x72, 0x5d, 0x02, 0x56, 0x00, 0x00, 0x00, 0x0b, 0x00, 0x00, 0x00, \
  0x73, 0x74, 0x72, 0x75, 0x63, 0x74, 0x32, 0x35, 0x36, 0x33, 0x00, 0x00, 0x00, 0x00, 0x00, 0x00, \
  0x29, 0x00, 0x00, 0x00, 0x04, 0x00, 0x00, 0x00, 0x01, 0x00, 0xf2, 0xf2, 0x84, 0x94, 0x1e, 0xe6, \
  0x8d, 0x77, 0x22, 0xc7, 0x9d, 0x72, 0x5d, 0x02, 0x56, 0x00, 0x00, 0x00, 0x0b, 0x00, 0x00, 0x00, \
  0x73, 0x74, 0x72, 0x75, 0x63, 0x74, 0x32, 0x35, 0x36, 0x34, 0x00, 0x00, 0x00, 0x00, 0x00, 0x00, \
  0x29, 0x00, 0x00, 0x00, 0x05, 0x00, 0x00, 0x00, 0x01, 0x00, 0xf2, 0xf2, 0x84, 0x94, 0x1e, 0xe6, \
  0x8d, 0x77, 0x22, 0xc7, 0x9d, 0x72, 0x5d, 0x02, 0x56, 0x00, 0x00, 0x00, 0x0b, 0x00, 0x00, 0x00, \
  0x73, 0x74, 0x72, 0x75, 0x63, 0x74, 0x32, 0x35, 0x36, 0x35, 0x00, 0x00, 0x00, 0x00, 0x00, 0x00, \
  0x29, 0x00, 0x00, 0x00, 0x06, 0x00, 0x00, 0x00, 0x01, 0x00, 0xf2, 0xf2, 0x84, 0x94, 0x1e, 0xe6, \
  0x8d, 0x77, 0x22, 0xc7, 0x9d, 0x72, 0x5d, 0x02, 0x56, 0x00, 0x00, 0x00, 0x0b, 0x00, 0x00, 0x00, \
  0x73, 0x74, 0x72, 0x75, 0x63, 0x74, 0x32, 0x35, 0x36, 0x36, 0x00, 0x00, 0x00, 0x00, 0x00, 0x00, \
  0x29, 0x00, 0x00, 0x00, 0x07, 0x00, 0x00, 0x00, 0x01, 0x00, 0xf2, 0xf2, 0x84, 0x94, 0x1e, 0xe6, \
  0x8d, 0x77, 0x22, 0xc7, 0x9d, 0x72, 0x5d, 0x02, 0x56, 0x00, 0x00, 0x00, 0x0b, 0x00, 0x00, 0x00, \
  0x73, 0x74, 0x72, 0x75, 0x63, 0x74, 0x32, 0x35, 0x36, 0x37, 0x00, 0x00, 0x00, 0x00, 0x00, 0x00, \
  0x29, 0x00, 0x00, 0x00, 0x08, 0x00, 0x00, 0x00, 0x01, 0x00, 0xf2, 0xf2, 0x84, 0x94, 0x1e, 0xe6, \
  0x8d, 0x77, 0x22, 0xc7, 0x9d, 0x72, 0x5d, 0x02, 0x56, 0x00, 0x00, 0x00, 0x0b, 0x00, 0x00, 0x00, \
  0x73, 0x74, 0x72, 0x75, 0x63, 0x74, 0x32, 0x35, 0x36, 0x38, 0x00, 0x00, 0x00, 0x00, 0x00, 0x00, \
  0x29, 0x00, 0x00, 0x00, 0x09, 0x00, 0x00, 0x00, 0x01, 0x00, 0xf2, 0xf2, 0x84, 0x94, 0x1e, 0xe6, \
  0x8d, 0x77, 0x22, 0xc7, 0x9d, 0x72, 0x5d, 0x02, 0x56, 0x00, 0x00, 0x00, 0x0b, 0x00, 0x00, 0x00, \
  0x73, 0x74, 0x72, 0x75, 0x63, 0x74, 0x32, 0x35, 0x36, 0x39, 0x00, 0x00, 0x00, 0x00, 0x00, 0x00, \
  0x29, 0x00, 0x00, 0x00, 0x0a, 0x00, 0x00, 0x00, 0x01, 0x00, 0xf2, 0xf2, 0x84, 0x94, 0x1e, 0xe6, \
  0x8d, 0x77, 0x22, 0xc7, 0x9d, 0x72, 0x5d, 0x02, 0x56, 0x00, 0x00, 0x00, 0x0b, 0x00, 0x00, 0x00, \
  0x73, 0x74, 0x72, 0x75, 0x63, 0x74, 0x32, 0x35, 0x36, 0x61, 0x00, 0x00, 0x00, 0x00, 0x00, 0x00, \
  0x29, 0x00, 0x00, 0x00, 0x0b, 0x00, 0x00, 0x00, 0x01, 0x00, 0xf2, 0xf2, 0x84, 0x94, 0x1e, 0xe6, \
  0x8d, 0x77, 0x22, 0xc7, 0x9d, 0x72, 0x5d, 0x02, 0x56, 0x00, 0x00, 0x00, 0x0b, 0x00, 0x00, 0x00, \
  0x73, 0x74, 0x72, 0x75, 0x63, 0x74, 0x32, 0x35, 0x36, 0x62, 0x00, 0x00, 0x00, 0x00, 0x00, 0x00, \
  0x29, 0x00, 0x00, 0x00, 0x0c, 0x00, 0x00, 0x00, 0x01, 0x00, 0xf2, 0xf2, 0x84, 0x94, 0x1e, 0xe6, \
  0x8d, 0x77, 0x22, 0xc7, 0x9d, 0x72, 0x5d, 0x02, 0x56, 0x00, 0x00, 0x00, 0x0b, 0x00, 0x00, 0x00, \
  0x73, 0x74, 0x72, 0x75, 0x63, 0x74, 0x32, 0x35, 0x36, 0x63, 0x00, 0x00, 0x00, 0x00, 0x00, 0x00, \
  0x29, 0x00, 0x00, 0x00, 0x0d, 0x00, 0x00, 0x00, 0x01, 0x00, 0xf2, 0xf2, 0x84, 0x94, 0x1e, 0xe6, \
  0x8d, 0x77, 0x22, 0xc7, 0x9d, 0x72, 0x5d, 0x02, 0x56, 0x00, 0x00, 0x00, 0x0b, 0x00, 0x00, 0x00, \
  0x73, 0x74, 0x72, 0x75, 0x63, 0x74, 0x32, 0x35, 0x36, 0x64, 0x00, 0x00, 0x00, 0x00, 0x00, 0x00, \
  0x29, 0x00, 0x00, 0x00, 0x0e, 0x00, 0x00, 0x00, 0x01, 0x00, 0xf2, 0xf2, 0x84, 0x94, 0x1e, 0xe6, \
  0x8d, 0x77, 0x22, 0xc7, 0x9d, 0x72, 0x5d, 0x02, 0x56, 0x00, 0x00, 0x00, 0x0b, 0x00, 0x00, 0x00, \
  0x73, 0x74, 0x72, 0x75, 0x63, 0x74, 0x32, 0x35, 0x36, 0x65, 0x00, 0x00, 0x00, 0x00, 0x00, 0x00, \
  0x29, 0x00, 0x00, 0x00, 0x0f, 0x00, 0x00, 0x00, 0x01, 0x00, 0xf2, 0xf2, 0x84, 0x94, 0x1e, 0xe6, \
  0x8d, 0x77, 0x22, 0xc7, 0x9d, 0x72, 0x5d, 0x02, 0x56, 0x00, 0x00, 0x00, 0x0b, 0x00, 0x00, 0x00, \
  0x73, 0x74, 0x72, 0x75, 0x63, 0x74, 0x32, 0x35, 0x36, 0x66, 0x00, 0x00, 0x00, 0x00, 0x00, 0x00, \
  0x13, 0x00, 0x00, 0x00, 0x10, 0x00, 0x00, 0x00, 0x01, 0x00, 0x05, 0x00, 0x05, 0x00, 0x00, 0x00, \
  0x6a, 0x75, 0x6e, 0x6b, 0x00, 0x00, 0x00, 0x00, 0x12, 0x00, 0x00, 0x00, 0x11, 0x00, 0x00, 0x00, \
  0x01, 0x00, 0x07, 0x00, 0x04, 0x00, 0x00, 0x00, 0x73, 0x65, 0x71, 0x00, 0x00, 0x00, 0x00, 0x00, \
  0x15, 0x00, 0x00, 0x00, 0x12, 0x00, 0x00, 0x00, 0x21, 0x00, 0x07, 0x00, 0x07, 0x00, 0x00, 0x00, \
  0x6b, 0x65, 0x79, 0x76, 0x61, 0x6c, 0x00, 0x00, 0x00, 0xf2, 0xf2, 0x84, 0x94, 0x1e, 0xe6, 0x8d, \
  0x77, 0x22, 0xc7, 0x9d, 0x72, 0x5d, 0x02, 0x56, 0x2d, 0x03, 0x00, 0x00, 0xf2, 0x51, 0x01, 0x00, \
  0x12, 0x00, 0x00, 0x00, 0x00, 0x00, 0x00, 0x00, 0x0a, 0x00, 0x00, 0x00, 0x53, 0x74, 0x72, 0x75, \
  0x63, 0x74, 0x32, 0x35, 0x36, 0x00, 0x00, 0x00, 0x0d, 0x03, 0x00, 0x00, 0x13, 0x00, 0x00, 0x00, \
  0x28, 0x00, 0x00, 0x00, 0x00, 0x00, 0x00, 0x00, 0x01, 0x00, 0xf2, 0xd7, 0xc0, 0x57, 0x11, 0xa3, \
  0x44, 0xd7, 0xe5, 0x73, 0x72, 0xf7, 0xce, 0x6b, 0x0e, 0x00, 0x00, 0x00, 0x0a, 0x00, 0x00, 0x00, \
  0x73, 0x74, 0x72, 0x75, 0x63, 0x74, 0x31, 0x36, 0x30, 0x00, 0x00, 0x00, 0x28, 0x00, 0x00, 0x00, \
  0x01, 0x00, 0x00, 0x00, 0x01, 0x00, 0xf2, 0xd7, 0xc0, 0x57, 0x11, 0xa3, 0x44, 0xd7, 0xe5, 0x73, \
  0x72, 0xf7, 0xce, 0x6b, 0x0e, 0x00, 0x00, 0x00, 0x0a, 0x00, 0x00, 0x00, 0x73, 0x74, 0x72, 0x75, \
  0x63, 0x74, 0x31, 0x36, 0x31, 0x00, 0x00, 0x00, 0x28, 0x00, 0x00, 0x00, 0x02, 0x00, 0x00, 0x00, \
  0x01, 0x00, 0xf2, 0xd7, 0xc0, 0x57, 0x11, 0xa3, 0x44, 0xd7, 0xe5, 0x73, 0x72, 0xf7, 0xce, 0x6b, \
  0x0e, 0x00, 0x00, 0x00, 0x0a, 0x00, 0x00, 0x00, 0x73, 0x74, 0x72, 0x75, 0x63, 0x74, 0x31, 0x36, \
  0x32, 0x00, 0x00, 0x00, 0x28, 0x00, 0x00, 0x00, 0x03, 0x00, 0x00, 0x00, 0x01, 0x00, 0xf2, 0xd7, \
  0xc0, 0x57, 0x11, 0xa3, 0x44, 0xd7, 0xe5, 0x73, 0x72, 0xf7, 0xce, 0x6b, 0x0e, 0x00, 0x00, 0x00, \
  0x0a, 0x00, 0x00, 0x00, 0x73, 0x74, 0x72, 0x75, 0x63, 0x74, 0x31, 0x36, 0x33, 0x00, 0x00, 0x00, \
  0x28, 0x00, 0x00, 0x00, 0x04, 0x00, 0x00, 0x00, 0x01, 0x00, 0xf2, 0xd7, 0xc0, 0x57, 0x11, 0xa3, \
  0x44, 0xd7, 0xe5, 0x73, 0x72, 0xf7, 0xce, 0x6b, 0x0e, 0x00, 0x00, 0x00, 0x0a, 0x00, 0x00, 0x00, \
  0x73, 0x74, 0x72, 0x75, 0x63, 0x74, 0x31, 0x36, 0x34, 0x00, 0x00, 0x00, 0x28, 0x00, 0x00, 0x00, \
  0x05, 0x00, 0x00, 0x00, 0x01, 0x00, 0xf2, 0xd7, 0xc0, 0x57, 0x11, 0xa3, 0x44, 0xd7, 0xe5, 0x73, \
  0x72, 0xf7, 0xce, 0x6b, 0x0e, 0x00, 0x00, 0x00, 0x0a, 0x00, 0x00, 0x00, 0x73, 0x74, 0x72, 0x75, \
  0x63, 0x74, 0x31, 0x36, 0x35, 0x00, 0x00, 0x00, 0x28, 0x00, 0x00, 0x00, 0x06, 0x00, 0x00, 0x00, \
  0x01, 0x00, 0xf2, 0xd7, 0xc0, 0x57, 0x11, 0xa3, 0x44, 0xd7, 0xe5, 0x73, 0x72, 0xf7, 0xce, 0x6b, \
  0x0e, 0x00, 0x00, 0x00, 0x0a, 0x00, 0x00, 0x00, 0x73, 0x74, 0x72, 0x75, 0x63, 0x74, 0x31, 0x36, \
  0x36, 0x00, 0x00, 0x00, 0x28, 0x00, 0x00, 0x00, 0x07, 0x00, 0x00, 0x00, 0x01, 0x00, 0xf2, 0xd7, \
  0xc0, 0x57, 0x11, 0xa3, 0x44, 0xd7, 0xe5, 0x73, 0x72, 0xf7, 0xce, 0x6b, 0x0e, 0x00, 0x00, 0x00, \
  0x0a, 0x00, 0x00, 0x00, 0x73, 0x74, 0x72, 0x75, 0x63, 0x74, 0x31, 0x36, 0x37, 0x00, 0x00, 0x00, \
  0x28, 0x00, 0x00, 0x00, 0x08, 0x00, 0x00, 0x00, 0x01, 0x00, 0xf2, 0xd7, 0xc0, 0x57, 0x11, 0xa3, \
  0x44, 0xd7, 0xe5, 0x73, 0x72, 0xf7, 0xce, 0x6b, 0x0e, 0x00, 0x00, 0x00, 0x0a, 0x00, 0x00, 0x00, \
  0x73, 0x74, 0x72, 0x75, 0x63, 0x74, 0x31, 0x36, 0x38, 0x00, 0x00, 0x00, 0x28, 0x00, 0x00, 0x00, \
  0x09, 0x00, 0x00, 0x00, 0x01, 0x00, 0xf2, 0xd7, 0xc0, 0x57, 0x11, 0xa3, 0x44, 0xd7, 0xe5, 0x73, \
  0x72, 0xf7, 0xce, 0x6b, 0x0e, 0x00, 0x00, 0x00, 0x0a, 0x00, 0x00, 0x00, 0x73, 0x74, 0x72, 0x75, \
  0x63, 0x74, 0x31, 0x36, 0x39, 0x00, 0x00, 0x00, 0x28, 0x00, 0x00, 0x00, 0x0a, 0x00, 0x00, 0x00, \
  0x01, 0x00, 0xf2, 0xd7, 0xc0, 0x57, 0x11, 0xa3, 0x44, 0xd7, 0xe5, 0x73, 0x72, 0xf7, 0xce, 0x6b, \
  0x0e, 0x00, 0x00, 0x00, 0x0a, 0x00, 0x00, 0x00, 0x73, 0x74, 0x72, 0x75, 0x63, 0x74, 0x31, 0x36, \
  0x61, 0x00, 0x00, 0x00, 0x28, 0x00, 0x00, 0x00, 0x0b, 0x00, 0x00, 0x00, 0x01, 0x00, 0xf2, 0xd7, \
  0xc0, 0x57, 0x11, 0xa3, 0x44, 0xd7, 0xe5, 0x73, 0x72, 0xf7, 0xce, 0x6b, 0x0e, 0x00, 0x00, 0x00, \
  0x0a, 0x00, 0x00, 0x00, 0x73, 0x74, 0x72, 0x75, 0x63, 0x74, 0x31, 0x36, 0x62, 0x00, 0x00, 0x00, \
  0x28, 0x00, 0x00, 0x00, 0x0c, 0x00, 0x00, 0x00, 0x01, 0x00, 0xf2, 0xd7, 0xc0, 0x57, 0x11, 0xa3, \
  0x44, 0xd7, 0xe5, 0x73, 0x72, 0xf7, 0xce, 0x6b, 0x0e, 0x00, 0x00, 0x00, 0x0a, 0x00, 0x00, 0x00, \
  0x73, 0x74, 0x72, 0x75, 0x63, 0x74, 0x31, 0x36, 0x63, 0x00, 0x00, 0x00, 0x28, 0x00, 0x00, 0x00, \
  0x0d, 0x00, 0x00, 0x00, 0x01, 0x00, 0xf2, 0xd7, 0xc0, 0x57, 0x11, 0xa3, 0x44, 0xd7, 0xe5, 0x73, \
  0x72, 0xf7, 0xce, 0x6b, 0x0e, 0x00, 0x00, 0x00, 0x0a, 0x00, 0x00, 0x00, 0x73, 0x74, 0x72, 0x75, \
  0x63, 0x74, 0x31, 0x36, 0x64, 0x00, 0x00, 0x00, 0x28, 0x00, 0x00, 0x00, 0x0e, 0x00, 0x00, 0x00, \
  0x01, 0x00, 0xf2, 0xd7, 0xc0, 0x57, 0x11, 0xa3, 0x44, 0xd7, 0xe5, 0x73, 0x72, 0xf7, 0xce, 0x6b, \
  0x0e, 0x00, 0x00, 0x00, 0x0a, 0x00, 0x00, 0x00, 0x73, 0x74, 0x72, 0x75, 0x63, 0x74, 0x31, 0x36, \
  0x65, 0x00, 0x00, 0x00, 0x28, 0x00, 0x00, 0x00, 0x0f, 0x00, 0x00, 0x00, 0x01, 0x00, 0xf2, 0xd7, \
  0xc0, 0x57, 0x11, 0xa3, 0x44, 0xd7, 0xe5, 0x73, 0x72, 0xf7, 0xce, 0x6b, 0x0e, 0x00, 0x00, 0x00, \
  0x0a, 0x00, 0x00, 0x00, 0x73, 0x74, 0x72, 0x75, 0x63, 0x74, 0x31, 0x36, 0x66, 0x00, 0x00, 0x00, \
  0x13, 0x00, 0x00, 0x00, 0x10, 0x00, 0x00, 0x00, 0x01, 0x00, 0x05, 0x00, 0x05, 0x00, 0x00, 0x00, \
  0x6a, 0x75, 0x6e, 0x6b, 0x00, 0x00, 0x00, 0x00, 0x12, 0x00, 0x00, 0x00, 0x11, 0x00, 0x00, 0x00, \
  0x01, 0x00, 0x07, 0x00, 0x04, 0x00, 0x00, 0x00, 0x73, 0x65, 0x71, 0x00, 0x00, 0x00, 0x00, 0x00, \
  0x15, 0x00, 0x00, 0x00, 0x12, 0x00, 0x00, 0x00, 0x21, 0x00, 0x07, 0x00, 0x07, 0x00, 0x00, 0x00, \
  0x6b, 0x65, 0x79, 0x76, 0x61, 0x6c, 0x00, 0x00, 0x00, 0xf2, 0xd7, 0xc0, 0x57, 0x11, 0xa3, 0x44, \
  0xd7, 0xe5, 0x73, 0x72, 0xf7, 0xce, 0x6b, 0x0e, 0x2d, 0x02, 0x00, 0x00, 0xf2, 0x51, 0x01, 0x00, \
  0x11, 0x00, 0x00, 0x00, 0x00, 0x00, 0x00, 0x00, 0x09, 0x00, 0x00, 0x00, 0x53, 0x74, 0x72, 0x75, \
  0x63, 0x74, 0x31, 0x36, 0x00, 0x00, 0x00, 0x00, 0x0d, 0x02, 0x00, 0x00, 0x13, 0x00, 0x00, 0x00, \
  0x16, 0x00, 0x00, 0x00, 0x00, 0x00, 0x00, 0x00, 0x01, 0x00, 0x02, 0x00, 0x08, 0x00, 0x00, 0x00, \
  0x73, 0x74, 0x72, 0x75, 0x63, 0x74, 0x30, 0x00, 0x00, 0x00, 0x00, 0x00, 0x16, 0x00, 0x00, 0x00, \
  0x01, 0x00, 0x00, 0x00, 0x01, 0x00, 0x02, 0x00, 0x08, 0x00, 0x00, 0x00, 0x73, 0x74, 0x72, 0x75, \
  0x63, 0x74, 0x31, 0x00, 0x00, 0x00, 0x00, 0x00, 0x16, 0x00, 0x00, 0x00, 0x02, 0x00, 0x00, 0x00, \
  0x01, 0x00, 0x02, 0x00, 0x08, 0x00, 0x00, 0x00, 0x73, 0x74, 0x72, 0x75, 0x63, 0x74, 0x32, 0x00, \
  0x00, 0x00, 0x00, 0x00, 0x16, 0x00, 0x00, 0x00, 0x03, 0x00, 0x00, 0x00, 0x01, 0x00, 0x02, 0x00, \
  0x08, 0x00, 0x00, 0x00, 0x73, 0x74, 0x72, 0x75, 0x63, 0x74, 0x33, 0x00, 0x00, 0x00, 0x00, 0x00, \
  0x16, 0x00, 0x00, 0x00, 0x04, 0x00, 0x00, 0x00, 0x01, 0x00, 0x02, 0x00, 0x08, 0x00, 0x00, 0x00, \
  0x73, 0x74, 0x72, 0x75, 0x63, 0x74, 0x34, 0x00, 0x00, 0x00, 0x00, 0x00, 0x16, 0x00, 0x00, 0x00, \
  0x05, 0x00, 0x00, 0x00, 0x01, 0x00, 0x02, 0x00, 0x08, 0x00, 0x00, 0x00, 0x73, 0x74, 0x72, 0x75, \
  0x63, 0x74, 0x35, 0x00, 0x00, 0x00, 0x00, 0x00, 0x16, 0x00, 0x00, 0x00, 0x06, 0x00, 0x00, 0x00, \
  0x01, 0x00, 0x02, 0x00, 0x08, 0x00, 0x00, 0x00, 0x73, 0x74, 0x72, 0x75, 0x63, 0x74, 0x36, 0x00, \
  0x00, 0x00, 0x00, 0x00, 0x16, 0x00, 0x00, 0x00, 0x07, 0x00, 0x00, 0x00, 0x01, 0x00, 0x02, 0x00, \
  0x08, 0x00, 0x00, 0x00, 0x73, 0x74, 0x72, 0x75, 0x63, 0x74, 0x37, 0x00, 0x00, 0x00, 0x00, 0x00, \
  0x16, 0x00, 0x00, 0x00, 0x08, 0x00, 0x00, 0x00, 0x01, 0x00, 0x02, 0x00, 0x08, 0x00, 0x00, 0x00, \
  0x73, 0x74, 0x72, 0x75, 0x63, 0x74, 0x38, 0x00, 0x00, 0x00, 0x00, 0x00, 0x16, 0x00, 0x00, 0x00, \
  0x09, 0x00, 0x00, 0x00, 0x01, 0x00, 0x02, 0x00, 0x08, 0x00, 0x00, 0x00, 0x73, 0x74, 0x72, 0x75, \
  0x63, 0x74, 0x39, 0x00, 0x00, 0x00, 0x00, 0x00, 0x16, 0x00, 0x00, 0x00, 0x0a, 0x00, 0x00, 0x00, \
  0x01, 0x00, 0x02, 0x00, 0x08, 0x00, 0x00, 0x00, 0x73, 0x74, 0x72, 0x75, 0x63, 0x74, 0x61, 0x00, \
  0x00, 0x00, 0x00, 0x00, 0x16, 0x00, 0x00, 0x00, 0x0b, 0x00, 0x00, 0x00, 0x01, 0x00, 0x02, 0x00, \
  0x08, 0x00, 0x00, 0x00, 0x73, 0x74, 0x72, 0x75, 0x63, 0x74, 0x62, 0x00, 0x00, 0x00, 0x00, 0x00, \
  0x16, 0x00, 0x00, 0x00, 0x0c, 0x00, 0x00, 0x00, 0x01, 0x00, 0x02, 0x00, 0x08, 0x00, 0x00, 0x00, \
  0x73, 0x74, 0x72, 0x75, 0x63, 0x74, 0x63, 0x00, 0x00, 0x00, 0x00, 0x00, 0x16, 0x00, 0x00, 0x00, \
  0x0d, 0x00, 0x00, 0x00, 0x01, 0x00, 0x02, 0x00, 0x08, 0x00, 0x00, 0x00, 0x73, 0x74, 0x72, 0x75, \
  0x63, 0x74, 0x64, 0x00, 0x00, 0x00, 0x00, 0x00, 0x16, 0x00, 0x00, 0x00, 0x0e, 0x00, 0x00, 0x00, \
  0x01, 0x00, 0x02, 0x00, 0x08, 0x00, 0x00, 0x00, 0x73, 0x74, 0x72, 0x75, 0x63, 0x74, 0x65, 0x00, \
  0x00, 0x00, 0x00, 0x00, 0x16, 0x00, 0x00, 0x00, 0x0f, 0x00, 0x00, 0x00, 0x01, 0x00, 0x02, 0x00, \
  0x08, 0x00, 0x00, 0x00, 0x73, 0x74, 0x72, 0x75, 0x63, 0x74, 0x66, 0x00, 0x00, 0x00, 0x00, 0x00, \
  0x13, 0x00, 0x00, 0x00, 0x10, 0x00, 0x00, 0x00, 0x01, 0x00, 0x05, 0x00, 0x05, 0x00, 0x00, 0x00, \
  0x6a, 0x75, 0x6e, 0x6b, 0x00, 0x00, 0x00, 0x00, 0x12, 0x00, 0x00, 0x00, 0x11, 0x00, 0x00, 0x00, \
  0x01, 0x00, 0x07, 0x00, 0x04, 0x00, 0x00, 0x00, 0x73, 0x65, 0x71, 0x00, 0x00, 0x00, 0x00, 0x00, \
  0x15, 0x00, 0x00, 0x00, 0x12, 0x00, 0x00, 0x00, 0x21, 0x00, 0x07, 0x00, 0x07, 0x00, 0x00, 0x00, \
  0x6b, 0x65, 0x79, 0x76, 0x61, 0x6c, 0x00, 0x00, 0x00, 0x00, 0x00, 0x00, 0x5e, 0x00, 0x00, 0x00, \
  0x03, 0x00, 0x00, 0x00, 0xf2, 0x1b, 0x90, 0xbb, 0xb8, 0xbe, 0x3a, 0x76, 0xe1, 0x27, 0xb1, 0x4d, \
  0x3a, 0xc0, 0xe5, 0xf1, 0x56, 0xf2, 0x67, 0x9e, 0x27, 0xa2, 0xec, 0x0b, 0xd3, 0x78, 0x4a, 0x6c, \
  0x70, 0xa8, 0xf2, 0xf2, 0x84, 0x94, 0x1e, 0xe6, 0x8d, 0x77, 0x22, 0xc7, 0x9d, 0x72, 0x5d, 0x02, \
  0x56, 0xf1, 0x76, 0xf5, 0xa7, 0x8e, 0x81, 0x8b, 0x3e, 0x28, 0x9e, 0x64, 0xe5, 0x89, 0x56, 0xf1, \
  0xf2, 0xd7, 0xc0, 0x57, 0x11, 0xa3, 0x44, 0xd7, 0xe5, 0x73, 0x72, 0xf7, 0xce, 0x6b, 0x0e, 0xf1, \
  0x0a, 0x64, 0x8c, 0x86, 0x7d, 0xb7, 0x70, 0x4d, 0x1d, 0xd3, 0xeb, 0x3e, 0xbf, 0xb0\
}
#define TYPE_MAP_CDR_SZ_Struct4k 3966u
const dds_topic_descriptor_t Struct4k_desc =
{
  .m_size = sizeof (Struct4k),
  .m_align = dds_alignof (Struct4k),
  .m_flagset = DDS_TOPIC_FIXED_SIZE | DDS_TOPIC_XTYPES_METADATA,
  .m_nkeys = 1u,
  .m_typename = "Struct4k",
  .m_keys = Struct4k_keys,
  .m_nops = sizeof (Struct4k_ops) / sizeof (Struct4k_ops[0]),
  .m_ops = Struct4k_ops,
  .m_meta = "",
  .type_information = { .data = TYPE_INFO_CDR_Struct4k, .sz = TYPE_INFO_CDR_SZ_Struct4k },
  .type_mapping = { .data = TYPE_MAP_CDR_Struct4k, .sz = TYPE_MAP_CDR_SZ_Struct4k }
};

#if defined(_MSC_VER) && (_MSC_VER > 1943)
__pragma(warning(push))
__pragma(warning(disable: 5287))
#endif
static const uint32_t Struct32k_ops [] =
{
  /* Struct32k */
  DDS_OP_ADR | DDS_OP_TYPE_EXT, offsetof (Struct32k, struct4k0), (3u << 16u) + 31u /* Struct4k */,
  DDS_OP_ADR | DDS_OP_TYPE_EXT, offsetof (Struct32k, struct4k1), (3u << 16u) + 28u /* Struct4k */,
  DDS_OP_ADR | DDS_OP_TYPE_EXT, offsetof (Struct32k, struct4k2), (3u << 16u) + 25u /* Struct4k */,
  DDS_OP_ADR | DDS_OP_TYPE_EXT, offsetof (Struct32k, struct4k3), (3u << 16u) + 22u /* Struct4k */,
  DDS_OP_ADR | DDS_OP_TYPE_EXT, offsetof (Struct32k, struct4k4), (3u << 16u) + 19u /* Struct4k */,
  DDS_OP_ADR | DDS_OP_TYPE_EXT, offsetof (Struct32k, struct4k5), (3u << 16u) + 16u /* Struct4k */,
  DDS_OP_ADR | DDS_OP_TYPE_EXT, offsetof (Struct32k, struct4k6), (3u << 16u) + 13u /* Struct4k */,
  DDS_OP_ADR | DDS_OP_TYPE_EXT, offsetof (Struct32k, struct4k7), (3u << 16u) + 10u /* Struct4k */,
  DDS_OP_ADR | DDS_OP_TYPE_8BY | DDS_OP_FLAG_SGN, offsetof (Struct32k, junk),
  DDS_OP_ADR | DDS_OP_TYPE_4BY, offsetof (Struct32k, seq),
  DDS_OP_ADR | DDS_OP_FLAG_KEY | DDS_OP_TYPE_4BY, offsetof (Struct32k, keyval),
  DDS_OP_RTS,

  /* Struct4k */
  DDS_OP_ADR | DDS_OP_TYPE_EXT, offsetof (Struct4k, struct2560), (3u << 16u) + 55u /* Struct256 */,
  DDS_OP_ADR | DDS_OP_TYPE_EXT, offsetof (Struct4k, struct2561), (3u << 16u) + 52u /* Struct256 */,
  DDS_OP_ADR | DDS_OP_TYPE_EXT, offsetof (Struct4k, struct2562), (3u << 16u) + 49u /* Struct256 */,
  DDS_OP_ADR | DDS_OP_TYPE_EXT, offsetof (Struct4k, struct2563), (3u << 16u) + 46u /* Struct256 */,
  DDS_OP_ADR | DDS_OP_TYPE_EXT, offsetof (Struct4k, struct2564), (3u << 16u) + 43u /* Struct256 */,
  DDS_OP_ADR | DDS_OP_TYPE_EXT, offsetof (Struct4k, struct2565), (3u << 16u) + 40u /* Struct256 */,
  DDS_OP_ADR | DDS_OP_TYPE_EXT, offsetof (Struct4k, struct2566), (3u << 16u) + 37u /* Struct256 */,
  DDS_OP_ADR | DDS_OP_TYPE_EXT, offsetof (Struct4k, struct2567), (3u << 16u) + 34u /* Struct256 */,
  DDS_OP_ADR | DDS_OP_TYPE_EXT, offsetof (Struct4k, struct2568), (3u << 16u) + 31u /* Struct256 */,
  DDS_OP_ADR | DDS_OP_TYPE_EXT, offsetof (Struct4k, struct2569), (3u << 16u) + 28u /* Struct256 */,
  DDS_OP_ADR | DDS_OP_TYPE_EXT, offsetof (Struct4k, struct256a), (3u << 16u) + 25u /* Struct256 */,
  DDS_OP_ADR | DDS_OP_TYPE_EXT, offsetof (Struct4k, struct256b), (3u << 16u) + 22u /* Struct256 */,
  DDS_OP_ADR | DDS_OP_TYPE_EXT, offsetof (Struct4k, struct256c), (3u << 16u) + 19u /* Struct256 */,
  DDS_OP_ADR | DDS_OP_TYPE_EXT, offsetof (Struct4k, struct256d), (3u << 16u) + 16u /* Struct256 */,
  DDS_OP_ADR | DDS_OP_TYPE_EXT, offsetof (Struct4k, struct256e), (3u << 16u) + 13u /* Struct256 */,
  DDS_OP_ADR | DDS_OP_TYPE_EXT, offsetof (Struct4k, struct256f), (3u << 16u) + 10u /* Struct256 */,
  DDS_OP_ADR | DDS_OP_TYPE_8BY | DDS_OP_FLAG_SGN, offsetof (Struct4k, junk),
  DDS_OP_ADR | DDS_OP_TYPE_4BY, offsetof (Struct4k, seq),
  DDS_OP_ADR | DDS_OP_FLAG_KEY | DDS_OP_TYPE_4BY, offsetof (Struct4k, keyval),
  DDS_OP_RTS,

  /* Struct256 */
  DDS_OP_ADR | DDS_OP_TYPE_EXT, offsetof (Struct256, struct160), (3u << 16u) + 55u /* Struct16 */,
  DDS_OP_ADR | DDS_OP_TYPE_EXT, offsetof (Struct256, struct161), (3u << 16u) + 52u /* Struct16 */,
  DDS_OP_ADR | DDS_OP_TYPE_EXT, offsetof (Struct256, struct162), (3u << 16u) + 49u /* Struct16 */,
  DDS_OP_ADR | DDS_OP_TYPE_EXT, offsetof (Struct256, struct163), (3u << 16u) + 46u /* Struct16 */,
  DDS_OP_ADR | DDS_OP_TYPE_EXT, offsetof (Struct256, struct164), (3u << 16u) + 43u /* Struct16 */,
  DDS_OP_ADR | DDS_OP_TYPE_EXT, offsetof (Struct256, struct165), (3u << 16u) + 40u /* Struct16 */,
  DDS_OP_ADR | DDS_OP_TYPE_EXT, offsetof (Struct256, struct166), (3u << 16u) + 37u /* Struct16 */,
  DDS_OP_ADR | DDS_OP_TYPE_EXT, offsetof (Struct256, struct167), (3u << 16u) + 34u /* Struct16 */,
  DDS_OP_ADR | DDS_OP_TYPE_EXT, offsetof (Struct256, struct168), (3u << 16u) + 31u /* Struct16 */,
  DDS_OP_ADR | DDS_OP_TYPE_EXT, offsetof (Struct256, struct169), (3u << 16u) + 28u /* Struct16 */,
  DDS_OP_ADR | DDS_OP_TYPE_EXT, offsetof (Struct256, struct16a), (3u << 16u) + 25u /* Struct16 */,
  DDS_OP_ADR | DDS_OP_TYPE_EXT, offsetof (Struct256, struct16b), (3u << 16u) + 22u /* Struct16 */,
  DDS_OP_ADR | DDS_OP_TYPE_EXT, offsetof (Struct256, struct16c), (3u << 16u) + 19u /* Struct16 */,
  DDS_OP_ADR | DDS_OP_TYPE_EXT, offsetof (Struct256, struct16d), (3u << 16u) + 16u /* Struct16 */,
  DDS_OP_ADR | DDS_OP_TYPE_EXT, offsetof (Struct256, struct16e), (3u << 16u) + 13u /* Struct16 */,
  DDS_OP_ADR | DDS_OP_TYPE_EXT, offsetof (Struct256, struct16f), (3u << 16u) + 10u /* Struct16 */,
  DDS_OP_ADR | DDS_OP_TYPE_8BY | DDS_OP_FLAG_SGN, offsetof (Struct256, junk),
  DDS_OP_ADR | DDS_OP_TYPE_4BY, offsetof (Struct256, seq),
  DDS_OP_ADR | DDS_OP_FLAG_KEY | DDS_OP_TYPE_4BY, offsetof (Struct256, keyval),
  DDS_OP_RTS,

  /* Struct16 */
  DDS_OP_ADR | DDS_OP_TYPE_1BY, offsetof (Struct16, struct0),
  DDS_OP_ADR | DDS_OP_TYPE_1BY, offsetof (Struct16, struct1),
  DDS_OP_ADR | DDS_OP_TYPE_1BY, offsetof (Struct16, struct2),
  DDS_OP_ADR | DDS_OP_TYPE_1BY, offsetof (Struct16, struct3),
  DDS_OP_ADR | DDS_OP_TYPE_1BY, offsetof (Struct16, struct4),
  DDS_OP_ADR | DDS_OP_TYPE_1BY, offsetof (Struct16, struct5),
  DDS_OP_ADR | DDS_OP_TYPE_1BY, offsetof (Struct16, struct6),
  DDS_OP_ADR | DDS_OP_TYPE_1BY, offsetof (Struct16, struct7),
  DDS_OP_ADR | DDS_OP_TYPE_1BY, offsetof (Struct16, struct8),
  DDS_OP_ADR | DDS_OP_TYPE_1BY, offsetof (Struct16, struct9),
  DDS_OP_ADR | DDS_OP_TYPE_1BY, offsetof (Struct16, structa),
  DDS_OP_ADR | DDS_OP_TYPE_1BY, offsetof (Struct16, structb),
  DDS_OP_ADR | DDS_OP_TYPE_1BY, offsetof (Struct16, structc),
  DDS_OP_ADR | DDS_OP_TYPE_1BY, offsetof (Struct16, structd),
  DDS_OP_ADR | DDS_OP_TYPE_1BY, offsetof (Struct16, structe),
  DDS_OP_ADR | DDS_OP_TYPE_1BY, offsetof (Struct16, structf),
  DDS_OP_ADR | DDS_OP_TYPE_8BY | DDS_OP_FLAG_SGN, offsetof (Struct16, junk),
  DDS_OP_ADR | DDS_OP_TYPE_4BY, offsetof (Struct16, seq),
  DDS_OP_ADR | DDS_OP_FLAG_KEY | DDS_OP_TYPE_4BY, offsetof (Struct16, keyval),
  DDS_OP_RTS,
  
  /* key: keyval */
  DDS_OP_KOF | 1, 28u /* order: 10 */
};

#if defined(_MSC_VER) && (_MSC_VER > 1943)
__pragma(warning(pop))
#endif
static const dds_key_descriptor_t Struct32k_keys[1] =
{
  { "keyval", 180, 0 }
};

/* Type Information:
  [MINIMAL 72fce8295578e1d6e59f15a892b3] (#deps: 3)
   - [MINIMAL 56f2679e27a2ec0bd3784a6c70a8]
   - [MINIMAL 76f5a78e818b3e289e64e58956f1]
   - [MINIMAL 0a648c867db7704d1dd3eb3ebfb0]
  [COMPLETE 49be598dfe4c50cc2a990b81cc35] (#deps: 3)
   - [COMPLETE 1b90bbb8be3a76e127b14d3ac0e5]
   - [COMPLETE f284941ee68d7722c79d725d0256]
   - [COMPLETE d7c05711a344d7e57372f7ce6b0e]
*/
#define TYPE_INFO_CDR_Struct32k (const unsigned char []){ \
  0xf0, 0x00, 0x00, 0x00, 0x01, 0x10, 0x00, 0x40, 0x70, 0x00, 0x00, 0x00, 0x6c, 0x00, 0x00, 0x00, \
  0x14, 0x00, 0x00, 0x00, 0xf1, 0x72, 0xfc, 0xe8, 0x29, 0x55, 0x78, 0xe1, 0xd6, 0xe5, 0x9f, 0x15, \
  0xa8, 0x92, 0xb3, 0x00, 0x47, 0x01, 0x00, 0x00, 0x03, 0x00, 0x00, 0x00, 0x4c, 0x00, 0x00, 0x00, \
  0x03, 0x00, 0x00, 0x00, 0x14, 0x00, 0x00, 0x00, 0xf1, 0x56, 0xf2, 0x67, 0x9e, 0x27, 0xa2, 0xec, \
  0x0b, 0xd3, 0x78, 0x4a, 0x6c, 0x70, 0xa8, 0x00, 0x47, 0x02, 0x00, 0x00, 0x14, 0x00, 0x00, 0x00, \
  0xf1, 0x76, 0xf5, 0xa7, 0x8e, 0x81, 0x8b, 0x3e, 0x28, 0x9e, 0x64, 0xe5, 0x89, 0x56, 0xf1, 0x00, \
  0x47, 0x02, 0x00, 0x00, 0x14, 0x00, 0x00, 0x00, 0xf1, 0x0a, 0x64, 0x8c, 0x86, 0x7d, 0xb7, 0x70, \
  0x4d, 0x1d, 0xd3, 0xeb, 0x3e, 0xbf, 0xb0, 0x00, 0x47, 0x01, 0x00, 0x00, 0x02, 0x10, 0x00, 0x40, \
  0x70, 0x00, 0x00, 0x00, 0x6c, 0x00, 0x00, 0x00, 0x14, 0x00, 0x00, 0x00, 0xf2, 0x49, 0xbe, 0x59, \
  0x8d, 0xfe, 0x4c, 0x50, 0xcc, 0x2a, 0x99, 0x0b, 0x81, 0xcc, 0x35, 0x00, 0xd1, 0x01, 0x00, 0x00, \
  0x03, 0x00, 0x00, 0x00, 0x4c, 0x00, 0x00, 0x00, 0x03, 0x00, 0x00, 0x00, 0x14, 0x00, 0x00, 0x00, \
  0xf2, 0x1b, 0x90, 0xbb, 0xb8, 0xbe, 0x3a, 0x76, 0xe1, 0x27, 0xb1, 0x4d, 0x3a, 0xc0, 0xe5, 0x00, \
  0x71, 0x03, 0x00, 0x00, 0x14, 0x00, 0x00, 0x00, 0xf2, 0xf2, 0x84, 0x94, 0x1e, 0xe6, 0x8d, 0x77, \
  0x22, 0xc7, 0x9d, 0x72, 0x5d, 0x02, 0x56, 0x00, 0x31, 0x03, 0x00, 0x00, 0x14, 0x00, 0x00, 0x00, \
  0xf2, 0xd7, 0xc0, 0x57, 0x11, 0xa3, 0x44, 0xd7, 0xe5, 0x73, 0x72, 0xf7, 0xce, 0x6b, 0x0e, 0x00, \
  0x31, 0x02, 0x00, 0x00\
}
#define TYPE_INFO_CDR_SZ_Struct32k 244u
#define TYPE_MAP_CDR_Struct32k (const unsigned char []){ \
  0x63, 0x07, 0x00, 0x00, 0x04, 0x00, 0x00, 0x00, 0xf1, 0x72, 0xfc, 0xe8, 0x29, 0x55, 0x78, 0xe1, \
  0xd6, 0xe5, 0x9f, 0x15, 0xa8, 0x92, 0xb3, 0x00, 0x43, 0x01, 0x00, 0x00, 0xf1, 0x51, 0x01, 0x00, \
  0x01, 0x00, 0x00, 0x00, 0x00, 0x00, 0x00, 0x00, 0x33, 0x01, 0x00, 0x00, 0x0b, 0x00, 0x00, 0x00, \
  0x19, 0x00, 0x00, 0x00, 0x00, 0x00, 0x00, 0x00, 0x01, 0x00, 0xf1, 0x56, 0xf2, 0x67, 0x9e, 0x27, \
  0xa2, 0xec, 0x0b, 0xd3, 0x78, 0x4a, 0x6c, 0x70, 0xa8, 0xd2, 0x86, 0x06, 0x41, 0x00, 0x00, 0x00, \
  0x19, 0x00, 0x00, 0x00, 0x01, 0x00, 0x00, 0x00, 0x01, 0x00, 0xf1, 0x56, 0xf2, 0x67, 0x9e, 0x27, \
  0xa2, 0xec, 0x0b, 0xd3, 0x78, 0x4a, 0x6c, 0x70, 0xa8, 0x89, 0xa7, 0xca, 0x57, 0x00, 0x00, 0x00, \
  0x19, 0x00, 0x00, 0x00, 0x02, 0x00, 0x00, 0x00, 0x01, 0x00, 0xf1, 0x56, 0xf2, 0x67, 0x9e, 0x27, \
  0xa2, 0xec, 0x0b, 0xd3, 0x78, 0x4a, 0x6c, 0x70, 0xa8, 0xc9, 0x19, 0x8c, 0xf5, 0x00, 0x00, 0x00, \
  0x19, 0x00, 0x00, 0x00, 0x03, 0x00, 0x00, 0x00, 0x01, 0x00, 0xf1, 0x56, 0xf2, 0x67, 0x9e, 0x27, \
  0xa2, 0xec, 0x0b, 0xd3, 0x78, 0x4a, 0x6c, 0x70, 0xa8, 0x64, 0x00, 0xa7, 0x9c, 0x00, 0x00, 0x00, \
  0x19, 0x00, 0x00, 0x00, 0x04, 0x00, 0x00, 0x00, 0x01, 0x00, 0xf1, 0x56, 0xf2, 0x67, 0x9e, 0x27, \
  0xa2, 0xec, 0x0b, 0xd3, 0x78, 0x4a, 0x6c, 0x70, 0xa8, 0x7e, 0x18, 0x75, 0x5c, 0x00, 0x00, 0x00, \
  0x19, 0x00, 0x00, 0x00, 0x05, 0x00, 0x00, 0x00, 0x01, 0x00, 0xf1, 0x56, 0xf2, 0x67, 0x9e, 0x27, \
  0xa2, 0xec, 0x0b, 0xd3, 0x78, 0x4a, 0x6c, 0x70, 0xa8, 0x90, 0xb9, 0x08, 0x0e, 0x00, 0x00, 0x00, \
  0x19, 0x00, 0x00, 0x00, 0x06, 0x00, 0x00, 0x00, 0x01, 0x00, 0xf1, 0x56, 0xf2, 0x67, 0x9e, 0x27, \
  0xa2, 0xec, 0x0b, 0xd3, 0x78, 0x4a, 0x6c, 0x70, 0xa8, 0x1b, 0xb3, 0xbe, 0xc2, 0x00, 0x00, 0x00, \
  0x19, 0x00, 0x00, 0x00, 0x07, 0x00, 0x00, 0x00, 0x01, 0x00, 0xf1, 0x56, 0xf2, 0x67, 0x9e, 0x27, \
  0xa2, 0xec, 0x0b, 0xd3, 0x78, 0x4a, 0x6c, 0x70, 0xa8, 0xd5, 0x1e, 0x18, 0xa7, 0x00, 0x00, 0x00, \
  0x0b, 0x00, 0x00, 0x00, 0x08, 0x00, 0x00, 0x00, 0x01, 0x00, 0x05, 0x0c, 0x82, 0x1f, 0x67, 0x00, \
  0x0b, 0x00, 0x00, 0x00, 0x09, 0x00, 0x00, 0x00, 0x01, 0x00, 0x07, 0xe0, 0x68, 0xc2, 0xde, 0x00, \
  0x0b, 0x00, 0x00, 0x00, 0x0a, 0x00, 0x00, 0x00, 0x21, 0x00, 0x07, 0x46, 0x2e, 0x6d, 0xa1, 0xf1, \
  0x56, 0xf2, 0x67, 0x9e, 0x27, 0xa2, 0xec, 0x0b, 0xd3, 0x78, 0x4a, 0x6c, 0x70, 0xa8, 0x00, 0x00, \
  0x43, 0x02, 0x00, 0x00, 0xf1, 0x51, 0x01, 0x00, 0x01, 0x00, 0x00, 0x00, 0x00, 0x00, 0x00, 0x00, \
  0x33, 0x02, 0x00, 0x00, 0x13, 0x00, 0x00, 0x00, 0x19, 0x00, 0x00, 0x00, 0x00, 0x00, 0x00, 0x00, \
  0x01, 0x00, 0xf1, 0x76, 0xf5, 0xa7, 0x8e, 0x81, 0x8b, 0x3e, 0x28, 0x9e, 0x64, 0xe5, 0x89, 0x56, \
  0xf1, 0xc4, 0x1e, 0x19, 0x9a, 0x00, 0x00, 0x00, 0x19, 0x00, 0x00, 0x00, 0x01, 0x00, 0x00, 0x00, \
  0x01, 0x00, 0xf1, 0x76, 0xf5, 0xa7, 0x8e, 0x81, 0x8b, 0x3e, 0x28, 0x9e, 0x64, 0xe5, 0x89, 0x56, \
  0xf1, 0x3d, 0x09, 0x5c, 0x22, 0x00, 0x00, 0x00, 0x19, 0x00, 0x00, 0x00, 0x02, 0x00, 0x00, 0x00, \
  0x01, 0x00, 0xf1, 0x76, 0xf5, 0xa7, 0x8e, 0x81, 0x8b, 0x3e, 0x28, 0x9e, 0x64, 0xe5, 0x89, 0x56, \
  0xf1, 0x66, 0xf0, 0x4d, 0x37, 0x00, 0x00, 0x00, 0x19, 0x00, 0x00, 0x00, 0x03, 0x00, 0x00, 0x00, \
  0x01, 0x00, 0xf1, 0x76, 0xf5, 0xa7, 0x8e, 0x81, 0x8b, 0x3e, 0x28, 0x9e, 0x64, 0xe5, 0x89, 0x56, \
  0xf1, 0x63, 0xb1, 0x8d, 0x4f, 0x00, 0x00, 0x00, 0x19, 0x00, 0x00, 0x00, 0x04, 0x00, 0x00, 0x00, \
  0x01, 0x00, 0xf1, 0x76, 0xf5, 0xa7, 0x8e, 0x81, 0x8b, 0x3e, 0x28, 0x9e, 0x64, 0xe5, 0x89, 0x56, \
  0xf1, 0x1b, 0x24, 0x60, 0x21, 0x00, 0x00, 0x00, 0x19, 0x00, 0x00, 0x00, 0x05, 0x00, 0x00, 0x00, \
  0x01, 0x00, 0xf1, 0x76, 0xf5, 0xa7, 0x8e, 0x81, 0x8b, 0x3e, 0x28, 0x9e, 0x64, 0xe5, 0x89, 0x56, \
  0xf1, 0xc7, 0x4d, 0x89, 0x5c, 0x00, 0x00, 0x00, 0x19, 0x00, 0x00, 0x00, 0x06, 0x00, 0x00, 0x00, \
  0x01, 0x00, 0xf1, 0x76, 0xf5, 0xa7, 0x8e, 0x81, 0x8b, 0x3e, 0x28, 0x9e, 0x64, 0xe5, 0x89, 0x56, \
  0xf1, 0x7f, 0x29, 0xd2, 0x89, 0x00, 0x00, 0x00, 0x19, 0x00, 0x00, 0x00, 0x07, 0x00, 0x00, 0x00, \
  0x01, 0x00, 0xf1, 0x76, 0xf5, 0xa7, 0x8e, 0x81, 0x8b, 0x3e, 0x28, 0x9e, 0x64, 0xe5, 0x89, 0x56, \
  0xf1, 0xb1, 0x67, 0x21, 0xec, 0x00, 0x00, 0x00, 0x19, 0x00, 0x00, 0x00, 0x08, 0x00, 0x00, 0x00, \
  0x01, 0x00, 0xf1, 0x76, 0xf5, 0xa7, 0x8e, 0x81, 0x8b, 0x3e, 0x28, 0x9e, 0x64, 0xe5, 0x89, 0x56, \
  0xf1, 0x86, 0xa0, 0xd2, 0x1b, 0x00, 0x00, 0x00, 0x19, 0x00, 0x00, 0x00, 0x09, 0x00, 0x00, 0x00, \
  0x01, 0x00, 0xf1, 0x76, 0xf5, 0xa7, 0x8e, 0x81, 0x8b, 0x3e, 0x28, 0x9e, 0x64, 0xe5, 0x89, 0x56, \
  0xf1, 0xd7, 0xcb, 0x0c, 0x74, 0x00, 0x00, 0x00, 0x19, 0x00, 0x00, 0x00, 0x0a, 0x00, 0x00, 0x00, \
  0x01, 0x00, 0xf1, 0x76, 0xf5, 0xa7, 0x8e, 0x81, 0x8b, 0x3e, 0x28, 0x9e, 0x64, 0xe5, 0x89, 0x56, \
  0xf1, 0x58, 0x5a, 0x1b, 0xef, 0x00, 0x00, 0x00, 0x19, 0x00, 0x00, 0x00, 0x0b, 0x00, 0x00, 0x00, \
  0x01, 0x00, 0xf1, 0x76, 0xf5, 0xa7, 0x8e, 0x81, 0x8b, 0x3e, 0x28, 0x9e, 0x64, 0xe5, 0x89, 0x56, \
  0xf1, 0x9d, 0x54, 0x6a, 0x62, 0x00, 0x00, 0x00, 0x19, 0x00, 0x00, 0x00, 0x0c, 0x00, 0x00, 0x00, \
  0x01, 0x00, 0xf1, 0x76, 0xf5, 0xa7, 0x8e, 0x81, 0x8b, 0x3e, 0x28, 0x9e, 0x64, 0xe5, 0x89, 0x56, \
  0xf1, 0x94, 0x97, 0x7d, 0xb4, 0x00, 0x00, 0x00, 0x19, 0x00, 0x00, 0x00, 0x0d, 0x00, 0x00, 0x00, \
  0x01, 0x00, 0xf1, 0x76, 0xf5, 0xa7, 0x8e, 0x81, 0x8b, 0x3e, 0x28, 0x9e, 0x64, 0xe5, 0x89, 0x56, \
  0xf1, 0x64, 0x5d, 0xe3, 0xfe, 0x00, 0x00, 0x00, 0x19, 0x00, 0x00, 0x00, 0x0e, 0x00, 0x00, 0x00, \
  0x01, 0x00, 0xf1, 0x76, 0xf5, 0xa7, 0x8e, 0x81, 0x8b, 0x3e, 0x28, 0x9e, 0x64, 0xe5, 0x89, 0x56, \
  0xf1, 0x07, 0xb4, 0x00, 0x1b, 0x00, 0x00, 0x00, 0x19, 0x00, 0x00, 0x00, 0x0f, 0x00, 0x00, 0x00, \
  0x01, 0x00, 0xf1, 0x76, 0xf5, 0xa7, 0x8e, 0x81, 0x8b, 0x3e, 0x28, 0x9e, 0x64, 0xe5, 0x89, 0x56, \
  0xf1, 0x17, 0xa5, 0x7f, 0xab, 0x00, 0x00, 0x00, 0x0b, 0x00, 0x00, 0x00, 0x10, 0x00, 0x00, 0x00, \
  0x01, 0x00, 0x05, 0x0c, 0x82, 0x1f, 0x67, 0x00, 0x0b, 0x00, 0x00, 0x00, 0x11, 0x00, 0x00, 0x00, \
  0x01, 0x00, 0x07, 0xe0, 0x68, 0xc2, 0xde, 0x00, 0x0b, 0x00, 0x00, 0x00, 0x12, 0x00, 0x00, 0x00, \
  0x21, 0x00, 0x07, 0x46, 0x2e, 0x6d, 0xa1, 0xf1, 0x76, 0xf5, 0xa7, 0x8e, 0x81, 0x8b, 0x3e, 0x28, \
  0x9e, 0x64, 0xe5, 0x89, 0x56, 0xf1, 0x00, 0x00, 0x43, 0x02, 0x00, 0x00, 0xf1, 0x51, 0x01, 0x00, \
  0x01, 0x00, 0x00, 0x00, 0x00, 0x00, 0x00, 0x00, 0x33, 0x02, 0x00, 0x00, 0x13, 0x00, 0x00, 0x00, \
  0x19, 0x00, 0x00, 0x00, 0x00, 0x00, 0x00, 0x00, 0x01, 0x00, 0xf1, 0x0a, 0x64, 0x8c, 0x86, 0x7d, \
  0xb7, 0x70, 0x4d, 0x1d, 0xd3, 0xeb, 0x3e, 0xbf, 0xb0, 0xc7, 0x67, 0x18, 0xc4, 0x00, 0x00, 0x00, \
  0x19, 0x00, 0x00, 0x00, 0x01, 0x00, 0x00, 0x00, 0x01, 0x00, 0xf1, 0x0a, 0x64, 0x8c, 0x86, 0x7d, \
  0xb7, 0x70, 0x4d, 0x1d, 0xd3, 0xeb, 0x3e, 0xbf, 0xb0, 0x9c, 0x94, 0x22, 0x60, 0x00, 0x00, 0x00, \
  0x19, 0x00, 0x00, 0x00, 0x02, 0x00, 0x00, 0x00, 0x01, 0x00, 0xf1, 0x0a, 0x64, 0x8c, 0x86, 0x7d, \
  0xb7, 0x70, 0x4d, 0x1d, 0xd3, 0xeb, 0x3e, 0xbf, 0xb0, 0xa2, 0xe4, 0x9e, 0x0d, 0x00, 0x00, 0x00, \
  0x19, 0x00, 0x00, 0x00, 0x03, 0x00, 0x00, 0x00, 0x01, 0x00, 0xf1, 0x0a, 0x64, 0x8c, 0x86, 0x7d, \
  0xb7, 0x70, 0x4d, 0x1d, 0xd3, 0xeb, 0x3e, 0xbf, 0xb0, 0x7e, 0x2f, 0x3c, 0x8f, 0x00, 0x00, 0x00, \
  0x19, 0x00, 0x00, 0x00, 0x04, 0x00, 0x00, 0x00, 0x01, 0x00, 0xf1, 0x0a, 0x64, 0x8c, 0x86, 0x7d, \
  0xb7, 0x70, 0x4d, 0x1d, 0xd3, 0xeb, 0x3e, 0xbf, 0xb0, 0xb1, 0xc2, 0xc8, 0xa0, 0x00, 0x00, 0x00, \
  0x19, 0x00, 0x00, 0x00, 0x05, 0x00, 0x00, 0x00, 0x01, 0x00, 0xf1, 0x0a, 0x64, 0x8c, 0x86, 0x7d, \
  0xb7, 0x70, 0x4d, 0x1d, 0xd3, 0xeb, 0x3e, 0xbf, 0xb0, 0x3f, 0x5e, 0x65, 0xa4, 0x00, 0x00, 0x00, \
  0x19, 0x00, 0x00, 0x00, 0x06, 0x00, 0x00, 0x00, 0x01, 0x00, 0xf1, 0x0a, 0x64, 0x8c, 0x86, 0x7d, \
  0xb7, 0x70, 0x4d, 0x1d, 0xd3, 0xeb, 0x3e, 0xbf, 0xb0, 0x2e, 0xdd, 0xa3, 0xc8, 0x00, 0x00, 0x00, \
  0x19, 0x00, 0x00, 0x00, 0x07, 0x00, 0x00, 0x00, 0x01, 0x00, 0xf1, 0x0a, 0x64, 0x8c, 0x86, 0x7d, \
  0xb7, 0x70, 0x4d, 0x1d, 0xd3, 0xeb, 0x3e, 0xbf, 0xb0, 0x1b, 0x95, 0x11, 0x64, 0x00, 0x00, 0x00, \
  0x19, 0x00, 0x00, 0x00, 0x08, 0x00, 0x00, 0x00, 0x01, 0x00, 0xf1, 0x0a, 0x64, 0x8c, 0x86, 0x7d, \
  0xb7, 0x70, 0x4d, 0x1d, 0xd3, 0xeb, 0x3e, 0xbf, 0xb0, 0x62, 0xf3, 0xb4, 0xe5, 0x00, 0x00, 0x00, \
  0x19, 0x00, 0x00, 0x00, 0x09, 0x00, 0x00, 0x00, 0x01, 0x00, 0xf1, 0x0a, 0x64, 0x8c, 0x86, 0x7d, \
  0xb7, 0x70, 0x4d, 0x1d, 0xd3, 0xeb, 0x3e, 0xbf, 0xb0, 0xf1, 0x61, 0xec, 0xe0, 0x00, 0x00, 0x00, \
  0x19, 0x00, 0x00, 0x00, 0x0a, 0x00, 0x00, 0x00, 0x01, 0x00, 0xf1, 0x0a, 0x64, 0x8c, 0x86, 0x7d, \
  0xb7, 0x70, 0x4d, 0x1d, 0xd3, 0xeb, 0x3e, 0xbf, 0xb0, 0x4d, 0x9a, 0xb1, 0xaf, 0x00, 0x00, 0x00, \
  0x19, 0x00, 0x00, 0x00, 0x0b, 0x00, 0x00, 0x00, 0x01, 0x00, 0xf1, 0x0a, 0x64, 0x8c, 0x86, 0x7d, \
  0xb7, 0x70, 0x4d, 0x1d, 0xd3, 0xeb, 0x3e, 0xbf, 0xb0, 0xac, 0x1f, 0xb2, 0xe6, 0x00, 0x00, 0x00, \
  0x19, 0x00, 0x00, 0x00, 0x0c, 0x00, 0x00, 0x00, 0x01, 0x00, 0xf1, 0x0a, 0x64, 0x8c, 0x86, 0x7d, \
  0xb7, 0x70, 0x4d, 0x1d, 0xd3, 0xeb, 0x3e, 0xbf, 0xb0, 0xe6, 0x3f, 0x3b, 0x0e, 0x00, 0x00, 0x00, \
  0x19, 0x00, 0x00, 0x00, 0x0d, 0x00, 0x00, 0x00, 0x01, 0x00, 0xf1, 0x0a, 0x64, 0x8c, 0x86, 0x7d, \
  0xb7, 0x70, 0x4d, 0x1d, 0xd3, 0xeb, 0x3e, 0xbf, 0xb0, 0xdd, 0x3a, 0x57, 0xfe, 0x00, 0x00, 0x00, \
  0x19, 0x00, 0x00, 0x00, 0x0e, 0x00, 0x00, 0x00, 0x01, 0x00, 0xf1, 0x0a, 0x64, 0x8c, 0x86, 0x7d, \
  0xb7, 0x70, 0x4d, 0x1d, 0xd3, 0xeb, 0x3e, 0xbf, 0xb0, 0x64, 0x7d, 0xd6, 0x62, 0x00, 0x00, 0x00, \
  0x19, 0x00, 0x00, 0x00, 0x0f, 0x00, 0x00, 0x00, 0x01, 0x00, 0xf1, 0x0a, 0x64, 0x8c, 0x86, 0x7d, \
  0xb7, 0x70, 0x4d, 0x1d, 0xd3, 0xeb, 0x3e, 0xbf, 0xb0, 0x77, 0x7a, 0x44, 0xef, 0x00, 0x00, 0x00, \
  0x0b, 0x00, 0x00, 0x00, 0x10, 0x00, 0x00, 0x00, 0x01, 0x00, 0x05, 0x0c, 0x82, 0x1f, 0x67, 0x00, \
  0x0b, 0x00, 0x00, 0x00, 0x11, 0x00, 0x00, 0x00, 0x01, 0x00, 0x07, 0xe0, 0x68, 0xc2, 0xde, 0x00, \
  0x0b, 0x00, 0x00, 0x00, 0x12, 0x00, 0x00, 0x00, 0x21, 0x00, 0x07, 0x46, 0x2e, 0x6d, 0xa1, 0xf1, \
  0x0a, 0x64, 0x8c, 0x86, 0x7d, 0xb7, 0x70, 0x4d, 0x1d, 0xd3, 0xeb, 0x3e, 0xbf, 0xb0, 0x00, 0x00, \
  0x43, 0x01, 0x00, 0x00, 0xf1, 0x51, 0x01, 0x00, 0x01, 0x00, 0x00, 0x00, 0x00, 0x00, 0x00, 0x00, \
  0x33, 0x01, 0x00, 0x00, 0x13, 0x00, 0x00, 0x00, 0x0b, 0x00, 0x00, 0x00, 0x00, 0x00, 0x00, 0x00, \
  0x01, 0x00, 0x02, 0xa8, 0x89, 0x52, 0x2d, 0x00, 0x0b, 0x00, 0x00, 0x00, 0x01, 0x00, 0x00, 0x00, \
  0x01, 0x00, 0x02, 0xb7, 0x8b, 0x0f, 0x01, 0x00, 0x0b, 0x00, 0x00, 0x00, 0x02, 0x00, 0x00, 0x00, \
  0x01, 0x00, 0x02, 0x96, 0xe7, 0x0c, 0xe1, 0x00, 0x0b, 0x00, 0x00, 0x00, 0x03, 0x00, 0x00, 0x00, \
  0x01, 0x00, 0x02, 0x23, 0xf3, 0xb2, 0x1f, 0x00, 0x0b, 0x00, 0x00, 0x00, 0x04, 0x00, 0x00, 0x00, \
  0x01, 0x00, 0x02, 0xc0, 0xf2, 0x65, 0x1f, 0x00, 0x0b, 0x00, 0x00, 0x00, 0x05, 0x00, 0x00, 0x00, \
  0x01, 0x00, 0x02, 0xf1, 0x69, 0x11, 0x8b, 0x00, 0x0b, 0x00, 0x00, 0x00, 0x06, 0x00, 0x00, 0x00, \
  0x01, 0x00, 0x02, 0x37, 0x75, 0xe2, 0x76, 0x00, 0x0b, 0x00, 0x00, 0x00, 0x07, 0x00, 0x00, 0x00, \
  0x01, 0x00, 0x02, 0xdb, 0xc3, 0x99, 0x9c, 0x00, 0x0b, 0x00, 0x00, 0x00, 0x08, 0x00, 0x00, 0x00, \
  0x01, 0x00, 0x02, 0x43, 0xc7, 0x17, 0x20, 0x00, 0x0b, 0x00, 0x00, 0x00, 0x09, 0x00, 0x00, 0x00, \
  0x01, 0x00, 0x02, 0xb1, 0x41, 0xce, 0x96, 0x00, 0x0b, 0x00, 0x00, 0x00, 0x0a, 0x00, 0x00, 0x00, \
  0x01, 0x00, 0x02, 0x8a, 0xd2, 0xcc, 0xb1, 0x00, 0x0b, 0x00, 0x00, 0x00, 0x0b, 0x00, 0x00, 0x00, \
  0x01, 0x00, 0x02, 0xd2, 0x35, 0xa8, 0x42, 0x00, 0x0b, 0x00, 0x00, 0x00, 0x0c, 0x00, 0x00, 0x00, \
  0x01, 0x00, 0x02, 0xa2, 0x1c, 0x56, 0x13, 0x00, 0x0b, 0x00, 0x00, 0x00, 0x0d, 0x00, 0x00, 0x00, \
  0x01, 0x00, 0x02, 0x98, 0x67, 0x5e, 0xe2, 0x00, 0x0b, 0x00, 0x00, 0x00, 0x0e, 0x00, 0x00, 0x00, \
  0x01, 0x00, 0x02, 0x30, 0x84, 0x4f, 0xfe, 0x00, 0x0b, 0x00, 0x00, 0x00, 0x0f, 0x00, 0x00, 0x00, \
  0x01, 0x00, 0x02, 0x19, 0x49, 0x9e, 0xa8, 0x00, 0x0b, 0x00, 0x00, 0x00, 0x10, 0x00, 0x00, 0x00, \
  0x01, 0x00, 0x05, 0x0c, 0x82, 0x1f, 0x67, 0x00, 0x0b, 0x00, 0x00, 0x00, 0x11, 0x00, 0x00, 0x00, \
  0x01, 0x00, 0x07, 0xe0, 0x68, 0xc2, 0xde, 0x00, 0x0b, 0x00, 0x00, 0x00, 0x12, 0x00, 0x00, 0x00, \
  0x21, 0x00, 0x07, 0x46, 0x2e, 0x6d, 0xa1, 0x00, 0xe5, 0x0a, 0x00, 0x00, 0x04, 0x00, 0x00, 0x00, \
  0xf2, 0x49, 0xbe, 0x59, 0x8d, 0xfe, 0x4c, 0x50, 0xcc, 0x2a, 0x99, 0x0b, 0x81, 0xcc, 0x35, 0x00, \
  0xcd, 0x01, 0x00, 0x00, 0xf2, 0x51, 0x01, 0x00, 0x12, 0x00, 0x00, 0x00, 0x00, 0x00, 0x00, 0x00, \
  0x0a, 0x00, 0x00, 0x00, 0x53, 0x74, 0x72, 0x75, 0x63, 0x74, 0x33, 0x32, 0x6b, 0x00, 0x00, 0x00, \
  0xad, 0x01, 0x00, 0x00, 0x0b, 0x00, 0x00, 0x00, 0x28, 0x00, 0x00, 0x00, 0x00, 0x00, 0x00, 0x00, \
  0x01, 0x00, 0xf2, 0x1b, 0x90, 0xbb, 0xb8, 0xbe, 0x3a, 0x76, 0xe1, 0x27, 0xb1, 0x4d, 0x3a, 0xc0, \
  0xe5, 0x00, 0x00, 0x00, 0x0a, 0x00, 0x00, 0x00, 0x73, 0x74, 0x72, 0x75, 0x63, 0x74, 0x34, 0x6b, \
  0x30, 0x00, 0x00, 0x00, 0x28, 0x00, 0x00, 0x00, 0x01, 0x00, 0x00, 0x00, 0x01, 0x00, 0xf2, 0x1b, \
  0x90, 0xbb, 0xb8, 0xbe, 0x3a, 0x76, 0xe1, 0x27, 0xb1, 0x4d, 0x3a, 0xc0, 0xe5, 0x00, 0x00, 0x00, \
  0x0a, 0x00, 0x00, 0x00, 0x73, 0x74, 0x72, 0x75, 0x63, 0x74, 0x34, 0x6b, 0x31, 0x00, 0x00, 0x00, \
  0x28, 0x00, 0x00, 0x00, 0x02, 0x00, 0x00, 0x00, 0x01, 0x00, 0xf2, 0x1b, 0x90, 0xbb, 0xb8, 0xbe, \
  0x3a, 0x76, 0xe1, 0x27, 0xb1, 0x4d, 0x3a, 0xc0, 0xe5, 0x00, 0x00, 0x00, 0x0a, 0x00, 0x00, 0x00, \
  0x73, 0x74, 0x72, 0x75, 0x63, 0x74, 0x34, 0x6b, 0x32, 0x00, 0x00, 0x00, 0x28, 0x00, 0x00, 0x00, \
  0x03, 0x00, 0x00, 0x00, 0x01, 0x00, 0xf2, 0x1b, 0x90, 0xbb, 0xb8, 0xbe, 0x3a, 0x76, 0xe1, 0x27, \
  0xb1, 0x4d, 0x3a, 0xc0, 0xe5, 0x00, 0x00, 0x00, 0x0a, 0x00, 0x00, 0x00, 0x73, 0x74, 0x72, 0x75, \
  0x63, 0x74, 0x34, 0x6b, 0x33, 0x00, 0x00, 0x00, 0x28, 0x00, 0x00, 0x00, 0x04, 0x00, 0x00, 0x00, \
  0x01, 0x00, 0xf2, 0x1b, 0x90, 0xbb, 0xb8, 0xbe, 0x3a, 0x76, 0xe1, 0x27, 0xb1, 0x4d, 0x3a, 0xc0, \
  0xe5, 0x00, 0x00, 0x00, 0x0a, 0x00, 0x00, 0x00, 0x73, 0x74, 0x72, 0x75, 0x63, 0x74, 0x34, 0x6b, \
  0x34, 0x00, 0x00, 0x00, 0x28, 0x00, 0x00, 0x00, 0x05, 0x00, 0x00, 0x00, 0x01, 0x00, 0xf2, 0x1b, \
  0x90, 0xbb, 0xb8, 0xbe, 0x3a, 0x76, 0xe1, 0x27, 0xb1, 0x4d, 0x3a, 0xc0, 0xe5, 0x00, 0x00, 0x00, \
  0x0a, 0x00, 0x00, 0x00, 0x73, 0x74, 0x72, 0x75, 0x63, 0x74, 0x34, 0x6b, 0x35, 0x00, 0x00, 0x00, \
  0x28, 0x00, 0x00, 0x00, 0x06, 0x00, 0x00, 0x00, 0x01, 0x00, 0xf2, 0x1b, 0x90, 0xbb, 0xb8, 0xbe, \
  0x3a, 0x76, 0xe1, 0x27, 0xb1, 0x4d, 0x3a, 0xc0, 0xe5, 0x00, 0x00, 0x00, 0x0a, 0x00, 0x00, 0x00, \
  0x73, 0x74, 0x72, 0x75, 0x63, 0x74, 0x34, 0x6b, 0x36, 0x00, 0x00, 0x00, 0x28, 0x00, 0x00, 0x00, \
  0x07, 0x00, 0x00, 0x00, 0x01, 0x00, 0xf2, 0x1b, 0x90, 0xbb, 0xb8, 0xbe, 0x3a, 0x76, 0xe1, 0x27, \
  0xb1, 0x4d, 0x3a, 0xc0, 0xe5, 0x00, 0x00, 0x00, 0x0a, 0x00, 0x00, 0x00, 0x73, 0x74, 0x72, 0x75, \
  0x63, 0x74, 0x34, 0x6b, 0x37, 0x00, 0x00, 0x00, 0x13, 0x00, 0x00, 0x00, 0x08, 0x00, 0x00, 0x00, \
  0x01, 0x00, 0x05, 0x00, 0x05, 0x00, 0x00, 0x00, 0x6a, 0x75, 0x6e, 0x6b, 0x00, 0x00, 0x00, 0x00, \
  0x12, 0x00, 0x00, 0x00, 0x09, 0x00, 0x00, 0x00, 0x01, 0x00, 0x07, 0x00, 0x04, 0x00, 0x00, 0x00, \
  0x73, 0x65, 0x71, 0x00, 0x00, 0x00, 0x00, 0x00, 0x15, 0x00, 0x00, 0x00, 0x0a, 0x00, 0x00, 0x00, \
  0x21, 0x00, 0x07, 0x00, 0x07, 0x00, 0x00, 0x00, 0x6b, 0x65, 0x79, 0x76, 0x61, 0x6c, 0x00, 0x00, \
  0x00, 0xf2, 0x1b, 0x90, 0xbb, 0xb8, 0xbe, 0x3a, 0x76, 0xe1, 0x27, 0xb1, 0x4d, 0x3a, 0xc0, 0xe5, \
  0x6d, 0x03, 0x00, 0x00, 0xf2, 0x51, 0x01, 0x00, 0x11, 0x00, 0x00, 0x00, 0x00, 0x00, 0x00, 0x00, \
  0x09, 0x00, 0x00, 0x00, 0x53, 0x74, 0x72, 0x75, 0x63, 0x74, 0x34, 0x6b, 0x00, 0x00, 0x00, 0x00, \
  0x4d, 0x03, 0x00, 0x00, 0x13, 0x00, 0x00, 0x00, 0x29, 0x00, 0x00, 0x00, 0x00, 0x00, 0x00, 0x00, \
  0x01, 0x00, 0xf2, 0xf2, 0x84, 0x94, 0x1e, 0xe6, 0x8d, 0x77, 0x22, 0xc7, 0x9d, 0x72, 0x5d, 0x02, \
  0x56, 0x00, 0x00, 0x00, 0x0b, 0x00, 0x00, 0x00, 0x73, 0x74, 0x72, 0x75, 0x63, 0x74, 0x32, 0x35, \
  0x36, 0x30, 0x00, 0x00, 0x00, 0x00, 0x00, 0x00, 0x29, 0x00, 0x00, 0x00, 0x01, 0x00, 0x00, 0x00, \
  0x01, 0x00, 0xf2, 0xf2, 0x84, 0x94, 0x1e, 0xe6, 0x8d, 0x77, 0x22, 0xc7, 0x9d, 0x72, 0x5d, 0x02, \
  0x56, 0x00, 0x00, 0x00, 0x0b, 0x00, 0x00, 0x00, 0x73, 0x74, 0x72, 0x75, 0x63, 0x74, 0x32, 0x35, \
  0x36, 0x31, 0x00, 0x00, 0x00, 0x00, 0x00, 0x00, 0x29, 0x00, 0x00, 0x00, 0x02, 0x00, 0x00, 0x00, \
  0x01, 0x00, 0xf2, 0xf2, 0x84, 0x94, 0x1e, 0xe6, 0x8d, 0x77, 0x22, 0xc7, 0x9d, 0x72, 0x5d, 0x02, \
  0x56, 0x00, 0x00, 0x00, 0x0b, 0x00, 0x00, 0x00, 0x73, 0x74, 0x72, 0x75, 0x63, 0x74, 0x32, 0x35, \
  0x36, 0x32, 0x00, 0x00, 0x00, 0x00, 0x00, 0x00, 0x29, 0x00, 0x00, 0x00, 0x03, 0x00, 0x00, 0x00, \
  0x01, 0x00, 0xf2, 0xf2, 0x84, 0x94, 0x1e, 0xe6, 0x8d, 0x77, 0x22, 0xc7, 0x9d, 0x72, 0x5d, 0x02, \
  0x56, 0x00, 0x00, 0x00, 0x0b, 0x00, 0x00, 0x00, 0x73, 0x74, 0x72, 0x75, 0x63, 0x74, 0x32, 0x35, \
  0x36, 0x33, 0x00, 0x00, 0x00, 0x00, 0x00, 0x00, 0x29, 0x00, 0x00, 0x00, 0x04, 0x00, 0x00, 0x00, \
  0x01, 0x00, 0xf2, 0xf2, 0x84, 0x94, 0x1e, 0xe6, 0x8d, 0x77, 0x22, 0xc7, 0x9d, 0x72, 0x5d, 0x02, \
  0x56, 0x00, 0x00, 0x00, 0x0b, 0x00, 0x00, 0x00, 0x73, 0x74, 0x72, 0x75, 0x63, 0x74, 0x32, 0x35, \
  0x36, 0x34, 0x00, 0x00, 0x00, 0x00, 0x00, 0x00, 0x29, 0x00, 0x00, 0x00, 0x05, 0x00, 0x00, 0x00, \
  0x01, 0x00, 0xf2, 0xf2, 0x84, 0x94, 0x1e, 0xe6, 0x8d, 0x77, 0x22, 0xc7, 0x9d, 0x72, 0x5d, 0x02, \
  0x56, 0x00, 0x00, 0x00, 0x0b, 0x00, 0x00, 0x00, 0x73, 0x74, 0x72, 0x75, 0x63, 0x74, 0x32, 0x35, \
  0x36, 0x35, 0x00, 0x00, 0x00, 0x00, 0x00, 0x00, 0x29, 0x00, 0x00, 0x00, 0x06, 0x00, 0x00, 0x00, \
  0x01, 0x00, 0xf2, 0xf2, 0x84, 0x94, 0x1e, 0xe6, 0x8d, 0x77, 0x22, 0xc7, 0x9d, 0x72, 0x5d, 0x02, \
  0x56, 0x00, 0x00, 0x00, 0x0b, 0x00, 0x00, 0x00, 0x73, 0x74, 0x72, 0x75, 0x63, 0x74, 0x32, 0x35, \
  0x36, 0x36, 0x00, 0x00, 0x00, 0x00, 0x00, 0x00, 0x29, 0x00, 0x00, 0x00, 0x07, 0x00, 0x00, 0x00, \
  0x01, 0x00, 0xf2, 0xf2, 0x84, 0x94, 0x1e, 0xe6, 0x8d, 0x77, 0x22, 0xc7, 0x9d, 0x72, 0x5d, 0x02, \
  0x56, 0x00, 0x00, 0x00, 0x0b, 0x00, 0x00, 0x00, 0x73, 0x74, 0x72, 0x75, 0x63, 0x74, 0x32, 0x35, \
  0x36, 0x37, 0x00, 0x00, 0x00, 0x00, 0x00, 0x00, 0x29, 0x00, 0x00, 0x00, 0x08, 0x00, 0x00, 0x00, \
  0x01, 0x00, 0xf2, 0xf2, 0x84, 0x94, 0x1e, 0xe6, 0x8d, 0x77, 0x22, 0xc7, 0x9d, 0x72, 0x5d, 0x02, \
  0x56, 0x00, 0x00, 0x00, 0x0b, 0x00, 0x00, 0x00, 0x73, 0x74, 0x72, 0x75, 0x63, 0x74, 0x32, 0x35, \
  0x36, 0x38, 0x00, 0x00, 0x00, 0x00, 0x00, 0x00, 0x29, 0x00, 0x00, 0x00, 0x09, 0x00, 0x00, 0x00, \
  0x01, 0x00, 0xf2, 0xf2, 0x84, 0x94, 0x1e, 0xe6, 0x8d, 0x77, 0x22, 0xc7, 0x9d, 0x72, 0x5d, 0x02, \
  0x56, 0x00, 0x00, 0x00, 0x0b, 0x00, 0x00, 0x00, 0x73, 0x74, 0x72, 0x75, 0x63, 0x74, 0x32, 0x35, \
  0x36, 0x39, 0x00, 0x00, 0x00, 0x00, 0x00, 0x00, 0x29, 0x00, 0x00, 0x00, 0x0a, 0x00, 0x00, 0x00, \
  0x01, 0x00, 0xf2, 0xf2, 0x84, 0x94, 0x1e, 0xe6, 0x8d, 0x77, 0x22, 0xc7, 0x9d, 0x72, 0x5d, 0x02, \
  0x56, 0x00, 0x00, 0x00, 0x0b, 0x00, 0x00, 0x00, 0x73, 0x74, 0x72, 0x75, 0x63, 0x74, 0x32, 0x35, \
  0x36, 0x61, 0x00, 0x00, 0x00, 0x00, 0x00, 0x00, 0x29, 0x00, 0x00, 0x00, 0x0b, 0x00, 0x00, 0x00, \
  0x01, 0x00, 0xf2, 0xf2, 0x84, 0x94, 0x1e, 0xe6, 0x8d, 0x77, 0x22, 0xc7, 0x9d, 0x72, 0x5d, 0x02, \
  0x56, 0x00, 0x00, 0x00, 0x0b, 0x00, 0x00, 0x00, 0x73, 0x74, 0x72, 0x75, 0x63, 0x74, 0x32, 0x35, \
  0x36, 0x62, 0x00, 0x00, 0x00, 0x00, 0x00, 0x00, 0x29, 0x00, 0x00, 0x00, 0x0c, 0x00, 0x00, 0x00, \
  0x01, 0x00, 0xf2, 0xf2, 0x84, 0x94, 0x1e, 0xe6, 0x8d, 0x77, 0x22, 0xc7, 0x9d, 0x72, 0x5d, 0x02, \
  0x56, 0x00, 0x00, 0x00, 0x0b, 0x00, 0x00, 0x00, 0x73, 0x74, 0x72, 0x75, 0x63, 0x74, 0x32, 0x35, \
  0x36, 0x63, 0x00, 0x00, 0x00, 0x00, 0x00, 0x00, 0x29, 0x00, 0x00, 0x00, 0x0d, 0x00, 0x00, 0x00, \
  0x01, 0x00, 0xf2, 0xf2, 0x84, 0x94, 0x1e, 0xe6, 0x8d, 0x77, 0x22, 0xc7, 0x9d, 0x72, 0x5d, 0x02, \
  0x56, 0x00, 0x00, 0x00, 0x0b, 0x00, 0x00, 0x00, 0x73, 0x74, 0x72, 0x75, 0x63, 0x74, 0x32, 0x35, \
  0x36, 0x64, 0x00, 0x00, 0x00, 0x00, 0x00, 0x00, 0x29, 0x00, 0x00, 0x00, 0x0e, 0x00, 0x00, 0x00, \
  0x01, 0x00, 0xf2, 0xf2, 0x84, 0x94, 0x1e, 0xe6, 0x8d, 0x77, 0x22, 0xc7, 0x9d, 0x72, 0x5d, 0x02, \
  0x56, 0x00, 0x00, 0x00, 0x0b, 0x00, 0x00, 0x00, 0x73, 0x74, 0x72, 0x75, 0x63, 0x74, 0x32, 0x35, \
  0x36, 0x65, 0x00, 0x00, 0x00, 0x00, 0x00, 0x00, 0x29, 0x00, 0x00, 0x00, 0x0f, 0x00, 0x00, 0x00, \
  0x01, 0x00, 0xf2, 0xf2, 0x84, 0x94, 0x1e, 0xe6, 0x8d, 0x77, 0x22, 0xc7, 0x9d, 0x72, 0x5d, 0x02, \
  0x56, 0x00, 0x00, 0x00, 0x0b, 0x00, 0x00, 0x00, 0x73, 0x74, 0x72, 0x75, 0x63, 0x74, 0x32, 0x35, \
  0x36, 0x66, 0x00, 0x00, 0x00, 0x00, 0x00, 0x00, 0x13, 0x00, 0x00, 0x00, 0x10, 0x00, 0x00, 0x00, \
  0x01, 0x00, 0x05, 0x00, 0x05, 0x00, 0x00, 0x00, 0x6a, 0x75, 0x6e, 0x6b, 0x00, 0x00, 0x00, 0x00, \
  0x12, 0x00, 0x00, 0x00, 0x11, 0x00, 0x00, 0x00, 0x01, 0x00, 0x07, 0x00, 0x04, 0x00, 0x00, 0x00, \
  0x73, 0x65, 0x71, 0x00, 0x00, 0x00, 0x00, 0x00, 0x15, 0x00, 0x00, 0x00, 0x12, 0x00, 0x00, 0x00, \
  0x21, 0x00, 0x07, 0x00, 0x07, 0x00, 0x00, 0x00, 0x6b, 0x65, 0x79, 0x76, 0x61, 0x6c, 0x00, 0x00, \
  0x00, 0xf2, 0xf2, 0x84, 0x94, 0x1e, 0xe6, 0x8d, 0x77, 0x22, 0xc7, 0x9d, 0x72, 0x5d, 0x02, 0x56, \
  0x2d, 0x03, 0x00, 0x00, 0xf2, 0x51, 0x01, 0x00, 0x12, 0x00, 0x00, 0x00, 0x00, 0x00, 0x00, 0x00, \
  0x0a, 0x00, 0x00, 0x00, 0x53, 0x74, 0x72, 0x75, 0x63, 0x74, 0x32, 0x35, 0x36, 0x00, 0x00, 0x00, \
  0x0d, 0x03, 0x00, 0x00, 0x13, 0x00, 0x00, 0x00, 0x28, 0x00, 0x00, 0x00, 0x00, 0x00, 0x00, 0x00, \
  0x01, 0x00, 0xf2, 0xd7, 0xc0, 0x57, 0x11, 0xa3, 0x44, 0xd7, 0xe5, 0x73, 0x72, 0xf7, 0xce, 0x6b, \
  0x0e, 0x00, 0x00, 0x00, 0x0a, 0x00, 0x00, 0x00, 0x73, 0x74, 0x72, 0x75, 0x63, 0x74, 0x31, 0x36, \
  0x30, 0x00, 0x00, 0x00, 0x28, 0x00, 0x00, 0x00, 0x01, 0x00, 0x00, 0x00, 0x01, 0x00, 0xf2, 0xd7, \
  0xc0, 0x57, 0x11, 0xa3, 0x44, 0xd7, 0xe5, 0x73, 0x72, 0xf7, 0xce, 0x6b, 0x0e, 0x00, 0x00, 0x00, \
  0x0a, 0x00, 0x00, 0x00, 0x73, 0x74, 0x72, 0x75, 0x63, 0x74, 0x31, 0x36, 0x31, 0x00, 0x00, 0x00, \
  0x28, 0x00, 0x00, 0x00, 0x02, 0x00, 0x00, 0x00, 0x01, 0x00, 0xf2, 0xd7, 0xc0, 0x57, 0x11, 0xa3, \
  0x44, 0xd7, 0xe5, 0x73, 0x72, 0xf7, 0xce, 0x6b, 0x0e, 0x00, 0x00, 0x00, 0x0a, 0x00, 0x00, 0x00, \
  0x73, 0x74, 0x72, 0x75, 0x63, 0x74, 0x31, 0x36, 0x32, 0x00, 0x00, 0x00, 0x28, 0x00, 0x00, 0x00, \
  0x03, 0x00, 0x00, 0x00, 0x01, 0x00, 0xf2, 0xd7, 0xc0, 0x57, 0x11, 0xa3, 0x44, 0xd7, 0xe5, 0x73, \
  0x72, 0xf7, 0xce, 0x6b, 0x0e, 0x00, 0x00, 0x00, 0x0a, 0x00, 0x00, 0x00, 0x73, 0x74, 0x72, 0x75, \
  0x63, 0x74, 0x31, 0x36, 0x33, 0x00, 0x00, 0x00, 0x28, 0x00, 0x00, 0x00, 0x04, 0x00, 0x00, 0x00, \
  0x01, 0x00, 0xf2, 0xd7, 0xc0, 0x57, 0x11, 0xa3, 0x44, 0xd7, 0xe5, 0x73, 0x72, 0xf7, 0xce, 0x6b, \
  0x0e, 0x00, 0x00, 0x00, 0x0a, 0x00, 0x00, 0x00, 0x73, 0x74, 0x72, 0x75, 0x63, 0x74, 0x31, 0x36, \
  0x34, 0x00, 0x00, 0x00, 0x28, 0x00, 0x00, 0x00, 0x05, 0x00, 0x00, 0x00, 0x01, 0x00, 0xf2, 0xd7, \
  0xc0, 0x57, 0x11, 0xa3, 0x44, 0xd7, 0xe5, 0x73, 0x72, 0xf7, 0xce, 0x6b, 0x0e, 0x00, 0x00, 0x00, \
  0x0a, 0x00, 0x00, 0x00, 0x73, 0x74, 0x72, 0x75, 0x63, 0x74, 0x31, 0x36, 0x35, 0x00, 0x00, 0x00, \
  0x28, 0x00, 0x00, 0x00, 0x06, 0x00, 0x00, 0x00, 0x01, 0x00, 0xf2, 0xd7, 0xc0, 0x57, 0x11, 0xa3, \
  0x44, 0xd7, 0xe5, 0x73, 0x72, 0xf7, 0xce, 0x6b, 0x0e, 0x00, 0x00, 0x00, 0x0a, 0x00, 0x00, 0x00, \
  0x73, 0x74, 0x72, 0x75, 0x63, 0x74, 0x31, 0x36, 0x36, 0x00, 0x00, 0x00, 0x28, 0x00, 0x00, 0x00, \
  0x07, 0x00, 0x00, 0x00, 0x01, 0x00, 0xf2, 0xd7, 0xc0, 0x57, 0x11, 0xa3, 0x44, 0xd7, 0xe5, 0x73, \
  0x72, 0xf7, 0xce, 0x6b, 0x0e, 0x00, 0x00, 0x00, 0x0a, 0x00, 0x00, 0x00, 0x73, 0x74, 0x72, 0x75, \
  0x63, 0x74, 0x31, 0x36, 0x37, 0x00, 0x00, 0x00, 0x28, 0x00, 0x00, 0x00, 0x08, 0x00, 0x00, 0x00, \
  0x01, 0x00, 0xf2, 0xd7, 0xc0, 0x57, 0x11, 0xa3, 0x44, 0xd7, 0xe5, 0x73, 0x72, 0xf7, 0xce, 0x6b, \
  0x0e, 0x00, 0x00, 0x00, 0x0a, 0x00, 0x00, 0x00, 0x73, 0x74, 0x72, 0x75, 0x63, 0x74, 0x31, 0x36, \
  0x38, 0x00, 0x00, 0x00, 0x28, 0x00, 0x00, 0x00, 0x09, 0x00, 0x00, 0x00, 0x01, 0x00, 0xf2, 0xd7, \
  0xc0, 0x57, 0x11, 0xa3, 0x44, 0xd7, 0xe5, 0x73, 0x72, 0xf7, 0xce, 0x6b, 0x0e, 0x00, 0x00, 0x00, \
  0x0a, 0x00, 0x00, 0x00, 0x73, 0x74, 0x72, 0x75, 0x63, 0x74, 0x31, 0x36, 0x39, 0x00, 0x00, 0x00, \
  0x28, 0x00, 0x00, 0x00, 0x0a, 0x00, 0x00, 0x00, 0x01, 0x00, 0xf2, 0xd7, 0xc0, 0x57, 0x11, 0xa3, \
  0x44, 0xd7, 0xe5, 0x73, 0x72, 0xf7, 0xce, 0x6b, 0x0e, 0x00, 0x00, 0x00, 0x0a, 0x00, 0x00, 0x00, \
  0x73, 0x74, 0x72, 0x75, 0x63, 0x74, 0x31, 0x36, 0x61, 0x00, 0x00, 0x00, 0x28, 0x00, 0x00, 0x00, \
  0x0b, 0x00, 0x00, 0x00, 0x01, 0x00, 0xf2, 0xd7, 0xc0, 0x57, 0x11, 0xa3, 0x44, 0xd7, 0xe5, 0x73, \
  0x72, 0xf7, 0xce, 0x6b, 0x0e, 0x00, 0x00, 0x00, 0x0a, 0x00, 0x00, 0x00, 0x73, 0x74, 0x72, 0x75, \
  0x63, 0x74, 0x31, 0x36, 0x62, 0x00, 0x00, 0x00, 0x28, 0x00, 0x00, 0x00, 0x0c, 0x00, 0x00, 0x00, \
  0x01, 0x00, 0xf2, 0xd7, 0xc0, 0x57, 0x11, 0xa3, 0x44, 0xd7, 0xe5, 0x73, 0x72, 0xf7, 0xce, 0x6b, \
  0x0e, 0x00, 0x00, 0x00, 0x0a, 0x00, 0x00, 0x00, 0x73, 0x74, 0x72, 0x75, 0x63, 0x74, 0x31, 0x36, \
  0x63, 0x00, 0x00, 0x00, 0x28, 0x00, 0x00, 0x00, 0x0d, 0x00, 0x00, 0x00, 0x01, 0x00, 0xf2, 0xd7, \
  0xc0, 0x57, 0x11, 0xa3, 0x44, 0xd7, 0xe5, 0x73, 0x72, 0xf7, 0xce, 0x6b, 0x0e, 0x00, 0x00, 0x00, \
  0x0a, 0x00, 0x00, 0x00, 0x73, 0x74, 0x72, 0x75, 0x63, 0x74, 0x31, 0x36, 0x64, 0x00, 0x00, 0x00, \
  0x28, 0x00, 0x00, 0x00, 0x0e, 0x00, 0x00, 0x00, 0x01, 0x00, 0xf2, 0xd7, 0xc0, 0x57, 0x11, 0xa3, \
  0x44, 0xd7, 0xe5, 0x73, 0x72, 0xf7, 0xce, 0x6b, 0x0e, 0x00, 0x00, 0x00, 0x0a, 0x00, 0x00, 0x00, \
  0x73, 0x74, 0x72, 0x75, 0x63, 0x74, 0x31, 0x36, 0x65, 0x00, 0x00, 0x00, 0x28, 0x00, 0x00, 0x00, \
  0x0f, 0x00, 0x00, 0x00, 0x01, 0x00, 0xf2, 0xd7, 0xc0, 0x57, 0x11, 0xa3, 0x44, 0xd7, 0xe5, 0x73, \
  0x72, 0xf7, 0xce, 0x6b, 0x0e, 0x00, 0x00, 0x00, 0x0a, 0x00, 0x00, 0x00, 0x73, 0x74, 0x72, 0x75, \
  0x63, 0x74, 0x31, 0x36, 0x66, 0x00, 0x00, 0x00, 0x13, 0x00, 0x00, 0x00, 0x10, 0x00, 0x00, 0x00, \
  0x01, 0x00, 0x05, 0x00, 0x05, 0x00, 0x00, 0x00, 0x6a, 0x75, 0x6e, 0x6b, 0x00, 0x00, 0x00, 0x00, \
  0x12, 0x00, 0x00, 0x00, 0x11, 0x00, 0x00, 0x00, 0x01, 0x00, 0x07, 0x00, 0x04, 0x00, 0x00, 0x00, \
  0x73, 0x65, 0x71, 0x00, 0x00, 0x00, 0x00, 0x00, 0x15, 0x00, 0x00, 0x00, 0x12, 0x00, 0x00, 0x00, \
  0x21, 0x00, 0x07, 0x00, 0x07, 0x00, 0x00, 0x00, 0x6b, 0x65, 0x79, 0x76, 0x61, 0x6c, 0x00, 0x00, \
  0x00, 0xf2, 0xd7, 0xc0, 0x57, 0x11, 0xa3, 0x44, 0xd7, 0xe5, 0x73, 0x72, 0xf7, 0xce, 0x6b, 0x0e, \
  0x2d, 0x02, 0x00, 0x00, 0xf2, 0x51, 0x01, 0x00, 0x11, 0x00, 0x00, 0x00, 0x00, 0x00, 0x00, 0x00, \
  0x09, 0x00, 0x00, 0x00, 0x53, 0x74, 0x72, 0x75, 0x63, 0x74, 0x31, 0x36, 0x00, 0x00, 0x00, 0x00, \
  0x0d, 0x02, 0x00, 0x00, 0x13, 0x00, 0x00, 0x00, 0x16, 0x00, 0x00, 0x00, 0x00, 0x00, 0x00, 0x00, \
  0x01, 0x00, 0x02, 0x00, 0x08, 0x00, 0x00, 0x00, 0x73, 0x74, 0x72, 0x75, 0x63, 0x74, 0x30, 0x00, \
  0x00, 0x00, 0x00, 0x00, 0x16, 0x00, 0x00, 0x00, 0x01, 0x00, 0x00, 0x00, 0x01, 0x00, 0x02, 0x00, \
  0x08, 0x00, 0x00, 0x00, 0x73, 0x74, 0x72, 0x75, 0x63, 0x74, 0x31, 0x00, 0x00, 0x00, 0x00, 0x00, \
  0x16, 0x00, 0x00, 0x00, 0x02, 0x00, 0x00, 0x00, 0x01, 0x00, 0x02, 0x00, 0x08, 0x00, 0x00, 0x00, \
  0x73, 0x74, 0x72, 0x75, 0x63, 0x74, 0x32, 0x00, 0x00, 0x00, 0x00, 0x00, 0x16, 0x00, 0x00, 0x00, \
  0x03, 0x00, 0x00, 0x00, 0x01, 0x00, 0x02, 0x00, 0x08, 0x00, 0x00, 0x00, 0x73, 0x74, 0x72, 0x75, \
  0x63, 0x74, 0x33, 0x00, 0x00, 0x00, 0x00, 0x00, 0x16, 0x00, 0x00, 0x00, 0x04, 0x00, 0x00, 0x00, \
  0x01, 0x00, 0x02, 0x00, 0x08, 0x00, 0x00, 0x00, 0x73, 0x74, 0x72, 0x75, 0x63, 0x74, 0x34, 0x00, \
  0x00, 0x00, 0x00, 0x00, 0x16, 0x00, 0x00, 0x00, 0x05, 0x00, 0x00, 0x00, 0x01, 0x00, 0x02, 0x00, \
  0x08, 0x00, 0x00, 0x00, 0x73, 0x74, 0x72, 0x75, 0x63, 0x74, 0x35, 0x00, 0x00, 0x00, 0x00, 0x00, \
  0x16, 0x00, 0x00, 0x00, 0x06, 0x00, 0x00, 0x00, 0x01, 0x00, 0x02, 0x00, 0x08, 0x00, 0x00, 0x00, \
  0x73, 0x74, 0x72, 0x75, 0x63, 0x74, 0x36, 0x00, 0x00, 0x00, 0x00, 0x00, 0x16, 0x00, 0x00, 0x00, \
  0x07, 0x00, 0x00, 0x00, 0x01, 0x00, 0x02, 0x00, 0x08, 0x00, 0x00, 0x00, 0x73, 0x74, 0x72, 0x75, \
  0x63, 0x74, 0x37, 0x00, 0x00, 0x00, 0x00, 0x00, 0x16, 0x00, 0x00, 0x00, 0x08, 0x00, 0x00, 0x00, \
  0x01, 0x00, 0x02, 0x00, 0x08, 0x00, 0x00, 0x00, 0x73, 0x74, 0x72, 0x75, 0x63, 0x74, 0x38, 0x00, \
  0x00, 0x00, 0x00, 0x00, 0x16, 0x00, 0x00, 0x00, 0x09, 0x00, 0x00, 0x00, 0x01, 0x00, 0x02, 0x00, \
  0x08, 0x00, 0x00, 0x00, 0x73, 0x74, 0x72, 0x75, 0x63, 0x74, 0x39, 0x00, 0x00, 0x00, 0x00, 0x00, \
  0x16, 0x00, 0x00, 0x00, 0x0a, 0x00, 0x00, 0x00, 0x01, 0x00, 0x02, 0x00, 0x08, 0x00, 0x00, 0x00, \
  0x73, 0x74, 0x72, 0x75, 0x63, 0x74, 0x61, 0x00, 0x00, 0x00, 0x00, 0x00, 0x16, 0x00, 0x00, 0x00, \
  0x0b, 0x00, 0x00, 0x00, 0x01, 0x00, 0x02, 0x00, 0x08, 0x00, 0x00, 0x00, 0x73, 0x74, 0x72, 0x75, \
  0x63, 0x74, 0x62, 0x00, 0x00, 0x00, 0x00, 0x00, 0x16, 0x00, 0x00, 0x00, 0x0c, 0x00, 0x00, 0x00, \
  0x01, 0x00, 0x02, 0x00, 0x08, 0x00, 0x00, 0x00, 0x73, 0x74, 0x72, 0x75, 0x63, 0x74, 0x63, 0x00, \
  0x00, 0x00, 0x00, 0x00, 0x16, 0x00, 0x00, 0x00, 0x0d, 0x00, 0x00, 0x00, 0x01, 0x00, 0x02, 0x00, \
  0x08, 0x00, 0x00, 0x00, 0x73, 0x74, 0x72, 0x75, 0x63, 0x74, 0x64, 0x00, 0x00, 0x00, 0x00, 0x00, \
  0x16, 0x00, 0x00, 0x00, 0x0e, 0x00, 0x00, 0x00, 0x01, 0x00, 0x02, 0x00, 0x08, 0x00, 0x00, 0x00, \
  0x73, 0x74, 0x72, 0x75, 0x63, 0x74, 0x65, 0x00, 0x00, 0x00, 0x00, 0x00, 0x16, 0x00, 0x00, 0x00, \
  0x0f, 0x00, 0x00, 0x00, 0x01, 0x00, 0x02, 0x00, 0x08, 0x00, 0x00, 0x00, 0x73, 0x74, 0x72, 0x75, \
  0x63, 0x74, 0x66, 0x00, 0x00, 0x00, 0x00, 0x00, 0x13, 0x00, 0x00, 0x00, 0x10, 0x00, 0x00, 0x00, \
  0x01, 0x00, 0x05, 0x00, 0x05, 0x00, 0x00, 0x00, 0x6a, 0x75, 0x6e, 0x6b, 0x00, 0x00, 0x00, 0x00, \
  0x12, 0x00, 0x00, 0x00, 0x11, 0x00, 0x00, 0x00, 0x01, 0x00, 0x07, 0x00, 0x04, 0x00, 0x00, 0x00, \
  0x73, 0x65, 0x71, 0x00, 0x00, 0x00, 0x00, 0x00, 0x15, 0x00, 0x00, 0x00, 0x12, 0x00, 0x00, 0x00, \
  0x21, 0x00, 0x07, 0x00, 0x07, 0x00, 0x00, 0x00, 0x6b, 0x65, 0x79, 0x76, 0x61, 0x6c, 0x00, 0x00, \
  0x00, 0x00, 0x00, 0x00, 0x7c, 0x00, 0x00, 0x00, 0x04, 0x00, 0x00, 0x00, 0xf2, 0x49, 0xbe, 0x59, \
  0x8d, 0xfe, 0x4c, 0x50, 0xcc, 0x2a, 0x99, 0x0b, 0x81, 0xcc, 0x35, 0xf1, 0x72, 0xfc, 0xe8, 0x29, \
  0x55, 0x78, 0xe1, 0xd6, 0xe5, 0x9f, 0x15, 0xa8, 0x92, 0xb3, 0xf2, 0x1b, 0x90, 0xbb, 0xb8, 0xbe, \
  0x3a, 0x76, 0xe1, 0x27, 0xb1, 0x4d, 0x3a, 0xc0, 0xe5, 0xf1, 0x56, 0xf2, 0x67, 0x9e, 0x27, 0xa2, \
  0xec, 0x0b, 0xd3, 0x78, 0x4a, 0x6c, 0x70, 0xa8, 0xf2, 0xf2, 0x84, 0x94, 0x1e, 0xe6, 0x8d, 0x77, \
  0x22, 0xc7, 0x9d, 0x72, 0x5d, 0x02, 0x56, 0xf1, 0x76, 0xf5, 0xa7, 0x8e, 0x81, 0x8b, 0x3e, 0x28, \
  0x9e, 0x64, 0xe5, 0x89, 0x56, 0xf1, 0xf2, 0xd7, 0xc0, 0x57, 0x11, 0xa3, 0x44, 0xd7, 0xe5, 0x73, \
  0x72, 0xf7, 0xce, 0x6b, 0x0e, 0xf1, 0x0a, 0x64, 0x8c, 0x86, 0x7d, 0xb7, 0x70, 0x4d, 0x1d, 0xd3, \
  0xeb, 0x3e, 0xbf, 0xb0\
}
#define TYPE_MAP_CDR_SZ_Struct32k 4820u
const dds_topic_descriptor_t Struct32k_desc =
{
  .m_size = sizeof (Struct32k),
  .m_align = dds_alignof (Struct32k),
  .m_flagset = DDS_TOPIC_FIXED_SIZE | DDS_TOPIC_XTYPES_METADATA,
  .m_nkeys = 1u,
  .m_typename = "Struct32k",
  .m_keys = Struct32k_keys,
  .m_nops = sizeof (Struct32k_ops) / sizeof (Struct32k_ops[0]),
  .m_ops = Struct32k_ops,
  .m_meta = "",
  .type_information = { .data = TYPE_INFO_CDR_Struct32k, .sz = TYPE_INFO_CDR_SZ_Struct32k },
  .type_mapping = { .data = TYPE_MAP_CDR_Struct32k, .sz = TYPE_MAP_CDR_SZ_Struct32k }
};

